location,new_cases,total_deaths
Aruba,2,NA
Aruba,0,NA
Aruba,0,NA
Aruba,0,NA
Aruba,1,NA
Aruba,1,NA
Aruba,0,NA
Aruba,1,NA
Aruba,0,NA
Aruba,4,NA
Aruba,0,NA
Aruba,3,NA
Aruba,5,NA
Aruba,11,NA
Aruba,5,NA
Aruba,13,NA
Aruba,4,NA
Aruba,0,NA
Aruba,5,NA
Aruba,0,NA
Aruba,5,NA
Aruba,2,NA
Aruba,2,NA
Aruba,0,NA
Aruba,7,NA
Aruba,3,NA
Aruba,3,NA
Aruba,5,NA
Aruba,4,NA
Aruba,6,NA
Aruba,0,NA
Aruba,0,NA
Aruba,0,NA
Aruba,1,1
Aruba,2,2
Aruba,1,2
Aruba,0,2
Aruba,1,2
Aruba,0,2
Aruba,0,2
Aruba,3,2
Aruba,0,2
Aruba,0,2
Aruba,0,2
Aruba,0,2
Aruba,0,2
Aruba,0,2
Aruba,0,2
Aruba,0,2
Aruba,0,2
Aruba,0,2
Aruba,0,2
Aruba,0,2
Aruba,1,2
Aruba,0,2
Aruba,0,3
Aruba,0,3
Aruba,0,3
Aruba,0,3
Aruba,0,3
Aruba,0,3
Aruba,0,3
Aruba,0,3
Aruba,0,3
Aruba,0,3
Aruba,0,3
Aruba,0,3
Aruba,0,3
Aruba,0,3
Aruba,0,3
Aruba,0,3
Aruba,0,3
Aruba,0,3
Aruba,0,3
Aruba,0,3
Aruba,0,3
Aruba,0,3
Aruba,0,3
Aruba,0,3
Aruba,0,3
Aruba,0,3
Aruba,0,3
Aruba,0,3
Aruba,0,3
Aruba,0,3
Aruba,0,3
Aruba,0,3
Aruba,0,3
Aruba,0,3
Aruba,0,3
Aruba,0,3
Aruba,0,3
Aruba,0,3
Aruba,0,3
Aruba,0,3
Aruba,0,3
Aruba,0,3
Aruba,0,3
Aruba,0,3
Aruba,0,3
Aruba,0,3
Aruba,0,3
Aruba,0,3
Aruba,0,3
Aruba,0,3
Aruba,0,3
Aruba,0,3
Aruba,0,3
Aruba,2,3
Aruba,0,3
Aruba,0,3
Aruba,1,3
Aruba,0,3
Aruba,1,3
Aruba,0,3
Aruba,0,3
Aruba,0,3
Aruba,0,3
Aruba,0,3
Aruba,0,3
Aruba,0,3
Aruba,0,3
Aruba,0,3
Aruba,1,3
Aruba,0,3
Aruba,2,3
Aruba,3,3
Aruba,0,3
Aruba,2,3
Aruba,2,3
Aruba,2,3
Aruba,0,3
Aruba,0,3
Aruba,1,3
Aruba,1,3
Aruba,0,3
Aruba,0,3
Aruba,0,3
Aruba,0,3
Aruba,1,3
Aruba,1,3
Aruba,0,3
Aruba,1,3
Aruba,2,3
Aruba,8,3
Aruba,39,3
Aruba,92,3
Aruba,133,3
Aruba,113,3
Aruba,54,3
Aruba,67,3
Aruba,87,3
Aruba,81,3
Aruba,96,4
Aruba,79,4
Aruba,75,4
Aruba,54,4
Aruba,19,4
Aruba,84,4
Aruba,91,5
Aruba,91,6
Aruba,77,6
Aruba,70,7
Aruba,34,7
Aruba,60,7
Aruba,42,8
Aruba,90,8
Aruba,88,8
Aruba,58,9
Aruba,69,10
Aruba,22,10
Aruba,9,10
Aruba,98,10
Aruba,107,12
Aruba,81,13
Aruba,66,13
Aruba,70,14
Aruba,21,14
Aruba,33,15
Aruba,107,15
Aruba,141,15
Aruba,89,16
Aruba,79,18
Aruba,96,18
Aruba,52,18
Aruba,14,20
Aruba,92,22
Aruba,176,22
Aruba,54,23
Aruba,78,23
Aruba,0,23
Aruba,91,23
Aruba,36,24
Aruba,78,25
Aruba,56,25
Aruba,35,25
Aruba,43,25
Aruba,33,25
Aruba,12,25
Aruba,28,25
Aruba,62,26
Aruba,29,27
Aruba,35,27
Aruba,40,30
Aruba,36,30
Aruba,5,30
Aruba,15,31
Aruba,14,31
Aruba,25,31
Aruba,17,31
Aruba,17,32
Aruba,21,32
Aruba,6,33
Aruba,3,33
Aruba,32,33
Aruba,26,32
Aruba,30,32
Aruba,4,32
Aruba,15,34
Aruba,18,34
Aruba,12,34
Aruba,21,34
Aruba,14,35
Aruba,20,36
Aruba,12,36
Aruba,9,36
Aruba,10,36
Aruba,2,36
Aruba,15,36
Aruba,18,37
Aruba,17,37
Aruba,22,37
Aruba,19,38
Aruba,6,38
Aruba,5,38
Aruba,14,38
Aruba,15,39
Aruba,11,39
Aruba,14,39
Aruba,11,40
Aruba,11,40
Aruba,6,41
Aruba,16,42
Aruba,9,43
Aruba,8,43
Aruba,11,43
Aruba,8,44
Aruba,4,44
Aruba,6,44
Aruba,8,44
Aruba,9,45
Aruba,8,45
Aruba,5,45
Aruba,26,45
Aruba,7,45
Aruba,6,45
Aruba,14,45
Aruba,27,45
Aruba,13,45
Aruba,17,45
Aruba,25,45
Aruba,5,45
Aruba,7,45
Aruba,27,45
Aruba,30,45
Aruba,21,45
Aruba,19,45
Aruba,15,45
Aruba,8,45
Aruba,1,45
Aruba,18,45
Aruba,12,45
Aruba,15,46
Aruba,20,46
Aruba,13,46
Aruba,5,46
Aruba,7,46
Aruba,23,46
Aruba,27,47
Aruba,18,47
Aruba,14,47
Aruba,17,47
Aruba,8,47
Aruba,13,47
Aruba,23,47
Aruba,29,47
Aruba,29,47
Aruba,11,49
Aruba,19,49
Aruba,18,49
Aruba,18,49
Aruba,50,49
Aruba,69,49
Aruba,47,49
Aruba,20,49
Aruba,23,49
Aruba,32,49
Aruba,42,49
Aruba,110,50
Aruba,95,50
Aruba,72,50
Aruba,94,50
Aruba,36,50
Aruba,29,51
Aruba,26,52
Aruba,86,52
Aruba,74,52
Aruba,68,52
Aruba,54,52
Aruba,55,52
Aruba,30,52
Aruba,16,52
Aruba,72,52
Aruba,39,52
Aruba,61,52
Aruba,33,56
Aruba,52,56
Aruba,15,56
Aruba,19,57
Aruba,26,57
Aruba,41,58
Aruba,49,59
Aruba,38,59
Aruba,48,59
Aruba,22,59
Aruba,20,59
Aruba,42,59
Aruba,55,61
Aruba,51,61
Aruba,34,62
Aruba,34,62
Aruba,21,62
Aruba,15,64
Aruba,48,66
Aruba,33,68
Aruba,19,68
Aruba,30,68
Aruba,32,68
Aruba,13,68
Aruba,25,68
Aruba,23,69
Aruba,52,69
Aruba,40,70
Aruba,46,71
Aruba,48,71
Aruba,27,71
Aruba,18,71
Aruba,43,71
Aruba,40,71
Aruba,29,71
Aruba,45,71
Aruba,27,73
Aruba,15,73
Aruba,17,74
Aruba,30,74
Aruba,35,75
Aruba,36,75
Aruba,45,76
Aruba,35,76
Aruba,21,77
Aruba,0,77
Aruba,67,77
Aruba,50,77
Aruba,45,77
Aruba,48,77
Aruba,56,78
Aruba,19,79
Aruba,26,79
Aruba,61,80
Aruba,69,81
Aruba,73,81
Aruba,40,82
Aruba,67,82
Aruba,40,82
Aruba,29,82
Aruba,102,82
Aruba,83,82
Aruba,88,82
Aruba,69,82
Aruba,72,82
Aruba,45,82
Aruba,35,82
Aruba,80,85
Aruba,69,86
Aruba,60,86
Aruba,57,86
Aruba,47,86
Aruba,31,90
Aruba,43,90
Aruba,79,91
Aruba,74,92
Aruba,62,92
Aruba,62,92
Aruba,58,92
Aruba,34,92
Aruba,26,92
Aruba,46,92
Aruba,37,92
Aruba,60,92
Aruba,45,92
Aruba,41,92
Aruba,19,92
Aruba,21,92
Aruba,54,94
Aruba,38,94
Aruba,32,95
Aruba,36,97
Aruba,17,98
Aruba,16,98
Aruba,17,98
Aruba,15,98
Aruba,15,98
Aruba,23,98
Aruba,30,99
Aruba,12,99
Aruba,0,99
Aruba,29,100
Aruba,25,100
Aruba,17,100
Aruba,0,100
Aruba,15,100
Aruba,21,101
Aruba,13,101
Aruba,11,102
Aruba,14,104
Aruba,19,104
Aruba,12,104
Aruba,12,104
Aruba,11,104
Aruba,5,104
Aruba,3,105
Aruba,12,105
Aruba,10,105
Aruba,13,106
Aruba,10,106
Aruba,13,107
Aruba,2,107
Aruba,5,107
Aruba,14,107
Aruba,15,107
Aruba,6,107
Aruba,12,107
Aruba,5,107
Aruba,4,107
Aruba,7,107
Aruba,8,107
Aruba,13,107
Aruba,12,107
Aruba,15,107
Aruba,8,107
Aruba,16,107
Aruba,2,107
Aruba,5,107
Aruba,4,107
Aruba,1,107
Aruba,3,107
Aruba,4,107
Aruba,4,107
Aruba,1,107
Aruba,3,107
Aruba,5,107
Aruba,10,107
Aruba,4,107
Aruba,3,107
Aruba,2,107
Aruba,4,107
Aruba,4,107
Aruba,2,107
Aruba,7,107
Aruba,1,107
Aruba,5,107
Aruba,0,107
Aruba,1,107
Aruba,3,107
Aruba,3,107
Aruba,2,107
Aruba,4,107
Aruba,0,107
Aruba,0,107
Aruba,0,107
Aruba,0,107
Aruba,0,107
Aruba,0,107
Aruba,25,107
Aruba,0,107
Aruba,0,107
Aruba,0,107
Aruba,11,108
Aruba,6,108
Aruba,13,108
Aruba,0,108
Aruba,24,108
Aruba,12,108
Aruba,9,108
Aruba,13,109
Aruba,15,109
Aruba,21,109
Aruba,32,109
Aruba,29,109
Aruba,28,109
Aruba,23,109
Aruba,55,109
Aruba,61,109
Aruba,63,110
Aruba,67,110
Aruba,79,110
Aruba,35,110
Aruba,42,111
Aruba,70,111
Aruba,123,111
Aruba,0,111
Aruba,262,111
Aruba,109,111
Aruba,84,111
Aruba,74,111
Aruba,107,111
Aruba,155,113
Aruba,138,115
Aruba,192,115
Aruba,158,116
Aruba,71,119
Aruba,56,121
Aruba,105,121
Aruba,0,121
Aruba,208,124
Aruba,152,124
Aruba,77,126
Aruba,55,126
Aruba,57,128
Aruba,93,128
Aruba,78,132
Aruba,87,133
Aruba,56,133
Aruba,55,137
Aruba,36,137
Aruba,43,139
Aruba,68,146
Aruba,86,146
Aruba,57,148
Aruba,45,149
Aruba,48,150
Aruba,0,150
Aruba,49,151
Aruba,52,151
Aruba,42,153
Aruba,36,154
Aruba,31,154
Aruba,35,155
Aruba,19,155
Aruba,16,155
Aruba,37,156
Aruba,26,156
Aruba,22,156
Aruba,25,157
Aruba,19,158
Aruba,28,158
Aruba,25,159
Aruba,31,159
Aruba,0,159
Aruba,46,160
Aruba,19,160
Aruba,35,165
Aruba,11,165
Aruba,16,166
Aruba,16,166
Aruba,24,166
Aruba,28,166
Aruba,14,166
Aruba,19,167
Aruba,3,167
Aruba,7,167
Aruba,17,168
Aruba,18,168
Aruba,9,169
Aruba,18,169
Aruba,21,169
Aruba,0,169
Aruba,19,170
Aruba,18,170
Aruba,0,170
Aruba,29,170
Aruba,10,170
Aruba,13,170
Aruba,5,170
Aruba,12,170
Aruba,14,170
Aruba,19,170
Aruba,14,171
Aruba,11,171
Aruba,10,171
Aruba,7,171
Aruba,8,171
Aruba,33,171
Aruba,17,171
Aruba,17,171
Aruba,19,171
Aruba,15,171
Aruba,9,171
Aruba,6,171
Aruba,6,171
Aruba,12,171
Aruba,16,171
Aruba,16,172
Aruba,16,172
Aruba,9,172
Aruba,5,172
Aruba,0,172
Aruba,28,172
Aruba,18,172
Aruba,14,172
Aruba,5,172
Aruba,7,172
Aruba,6,172
Aruba,24,172
Aruba,20,173
Aruba,16,173
Aruba,22,173
Aruba,23,173
Aruba,8,173
Aruba,8,173
Aruba,20,173
Aruba,16,173
Aruba,17,174
Aruba,28,174
Aruba,21,174
Aruba,12,174
Aruba,11,174
Aruba,19,174
Aruba,18,174
Aruba,20,174
Aruba,22,174
Aruba,18,174
Aruba,18,174
Aruba,0,174
Aruba,34,175
Aruba,21,176
Aruba,26,176
Aruba,18,177
Aruba,26,177
Aruba,18,177
Aruba,0,177
Aruba,53,178
Aruba,27,178
Aruba,43,178
Aruba,35,180
Aruba,27,180
Aruba,29,180
Aruba,41,180
Aruba,72,180
Aruba,121,180
Aruba,124,181
Aruba,159,181
Aruba,176,181
Aruba,148,181
Aruba,248,181
Aruba,454,181
Aruba,671,181
Aruba,698,181
Aruba,742,181
Aruba,521,181
Aruba,489,181
Aruba,549,181
Aruba,1028,181
Aruba,1162,181
Aruba,1044,181
Aruba,912,181
Aruba,701,181
Aruba,525,182
Aruba,499,182
Aruba,710,182
Aruba,575,182
Aruba,518,184
Aruba,411,184
Aruba,315,184
Aruba,257,184
Aruba,299,186
Aruba,362,186
Aruba,265,187
Aruba,232,187
Aruba,221,187
Aruba,164,187
Aruba,102,191
Aruba,83,193
Aruba,119,193
Aruba,38,193
Aruba,156,193
Aruba,90,193
Aruba,92,193
Aruba,56,193
Aruba,44,193
Aruba,84,193
Aruba,62,193
Aruba,54,194
Aruba,42,194
Aruba,40,195
Aruba,20,195
Aruba,26,195
Aruba,49,196
Aruba,29,196
Aruba,30,196
Aruba,19,196
Aruba,28,198
Aruba,17,198
Aruba,13,198
Aruba,18,198
Aruba,13,198
Aruba,24,198
Aruba,17,198
Aruba,15,198
Aruba,6,198
Aruba,12,211
Aruba,13,211
Aruba,12,211
Aruba,12,211
Aruba,15,211
Aruba,6,211
Aruba,0,211
Aruba,8,211
Aruba,0,211
Aruba,0,211
Aruba,0,211
Aruba,48,212
Aruba,0,212
Aruba,0,212
Aruba,0,212
Aruba,0,212
Aruba,0,212
Aruba,0,212
Aruba,64,212
Aruba,0,212
Aruba,0,212
Aruba,0,212
Aruba,0,212
Aruba,21,212
Aruba,26,212
Aruba,0,212
Aruba,0,212
Aruba,0,212
Aruba,0,212
Aruba,0,212
Aruba,0,212
Aruba,0,212
Aruba,86,212
Aruba,0,212
Aruba,0,212
Aruba,0,212
Aruba,0,212
Aruba,37,212
Aruba,0,212
Aruba,85,212
Aruba,0,212
Aruba,0,212
Aruba,0,212
Aruba,0,212
Aruba,38,212
Aruba,0,212
Aruba,100,212
Aruba,0,212
Aruba,0,212
Aruba,0,212
Aruba,0,212
Aruba,75,212
Aruba,81,212
Aruba,0,212
Aruba,0,212
Aruba,0,212
Aruba,0,212
Aruba,0,212
Aruba,101,271
Aruba,0,212
Aruba,143,212
Aruba,0,212
Aruba,0,212
Aruba,0,212
Aruba,0,212
Aruba,104,212
Aruba,0,212
Aruba,153,212
Aruba,0,212
Aruba,0,212
Aruba,0,212
Aruba,0,212
Aruba,119,212
Aruba,0,212
Aruba,224,212
Aruba,0,212
Aruba,0,212
Aruba,0,212
Aruba,0,212
Aruba,145,212
Aruba,0,212
Aruba,359,213
Aruba,0,213
Aruba,0,213
Aruba,0,213
Aruba,0,213
Aruba,227,213
Aruba,0,213
Aruba,396,213
Aruba,0,213
Aruba,0,213
Aruba,0,213
Aruba,0,213
Aruba,248,213
Aruba,0,213
Aruba,470,213
Aruba,0,213
Aruba,0,213
Aruba,0,213
Aruba,0,213
Aruba,318,213
Aruba,0,213
Aruba,623,216
Aruba,0,216
Aruba,0,216
Aruba,0,216
Aruba,0,216
Aruba,326,216
Aruba,0,216
Aruba,756,216
Aruba,0,216
Aruba,0,216
Aruba,0,216
Aruba,0,216
Aruba,282,219
Aruba,0,219
Aruba,641,219
Aruba,0,219
Aruba,0,219
Aruba,0,219
Aruba,0,219
Aruba,199,221
Aruba,0,221
Aruba,0,221
Aruba,416,221
Aruba,0,221
Aruba,0,221
Aruba,0,221
Aruba,123,221
Aruba,0,221
Aruba,0,221
Aruba,0,221
Aruba,0,221
Aruba,282,222
Aruba,0,222
Aruba,0,222
Aruba,0,222
Aruba,448,224
Aruba,0,224
Aruba,0,224
Aruba,0,224
Aruba,0,224
Aruba,0,224
Aruba,0,224
Aruba,339,224
Aruba,0,224
Aruba,0,224
Aruba,0,224
Aruba,0,224
Aruba,0,224
Aruba,0,224
Aruba,0,224
Aruba,0,224
Aruba,0,224
Aruba,233,224
Aruba,0,224
Aruba,60,224
Aruba,0,224
Aruba,0,224
Aruba,0,224
Aruba,0,224
Aruba,0,224
Aruba,137,226
Aruba,69,226
Aruba,0,226
Aruba,0,226
Aruba,0,226
Aruba,0,226
Aruba,120,226
Aruba,0,226
Aruba,72,226
Aruba,0,226
Aruba,0,226
Aruba,0,226
Aruba,0,226
Aruba,94,226
Aruba,0,226
Aruba,66,227
Aruba,0,227
Aruba,0,227
Aruba,0,227
Aruba,0,227
Aruba,58,227
Aruba,0,227
Aruba,54,227
Aruba,0,227
Aruba,0,227
Aruba,0,227
Aruba,0,227
Aruba,42,227
Aruba,0,227
Aruba,56,227
Aruba,0,227
Aruba,0,227
Aruba,0,227
Aruba,0,227
Aruba,66,227
Aruba,0,227
Aruba,56,228
Aruba,0,228
Aruba,0,228
Aruba,0,228
Aruba,0,228
Aruba,0,228
Aruba,0,228
Aruba,0,228
Aruba,0,228
Aruba,0,228
Aruba,0,228
Aruba,0,228
Aruba,0,228
Aruba,0,228
Aruba,0,228
Aruba,0,228
Aruba,0,228
Aruba,0,228
Aruba,0,228
Aruba,0,228
Aruba,0,228
Aruba,0,230
Aruba,0,230
Aruba,0,230
Aruba,0,230
Aruba,0,230
Aruba,0,230
Aruba,0,230
Aruba,1175,230
Aruba,0,230
Aruba,0,230
Aruba,0,230
Aruba,0,230
Aruba,0,230
Aruba,0,230
Aruba,0,230
Aruba,0,232
Aruba,0,232
Aruba,0,232
Aruba,0,232
Aruba,0,232
Aruba,0,232
Aruba,NA,232
Aruba,0,232
Aruba,0,232
Aruba,0,232
Aruba,0,232
Aruba,0,232
Aruba,0,232
Aruba,43,232
Aruba,0,232
Aruba,0,232
Aruba,0,232
Aruba,0,232
Aruba,0,232
Aruba,0,232
Aruba,45,233
Aruba,0,233
Aruba,0,233
Aruba,0,233
Aruba,0,233
Aruba,0,233
Aruba,0,233
Aruba,0,233
Aruba,44,234
Aruba,0,234
Aruba,0,234
Aruba,0,234
Aruba,0,234
Aruba,0,234
Aruba,71,235
Aruba,0,235
Aruba,0,235
Aruba,0,235
Aruba,0,235
Aruba,0,235
Aruba,0,235
Aruba,74,236
Aruba,0,236
Aruba,0,236
Aruba,0,236
Aruba,0,236
Aruba,0,236
Aruba,0,236
Aruba,73,236
Aruba,0,236
Aruba,0,236
Aruba,0,236
Aruba,0,236
Aruba,0,236
Aruba,0,236
Aruba,52,280
Aruba,0,280
Aruba,0,280
Aruba,0,280
Aruba,0,280
Aruba,0,280
Aruba,0,280
Aruba,0,280
Aruba,0,280
Aruba,0,280
Aruba,0,280
Aruba,0,280
Aruba,0,280
Aruba,0,280
Aruba,59,280
Aruba,0,280
Aruba,0,280
Aruba,0,280
Aruba,0,280
Aruba,0,280
Aruba,0,280
Aruba,0,280
Aruba,0,280
Aruba,0,280
Aruba,0,280
Aruba,0,280
Aruba,0,280
Aruba,0,280
Aruba,0,280
Aruba,108,280
Aruba,0,280
Aruba,0,280
Aruba,0,280
Aruba,0,280
Aruba,0,280
Aruba,0,280
Aruba,76,281
Aruba,0,281
Aruba,0,281
Aruba,0,281
Aruba,0,281
Aruba,0,281
Aruba,29,281
Aruba,0,281
Aruba,0,281
Aruba,0,281
Aruba,0,281
Aruba,0,281
Aruba,0,281
Aruba,28,281
Aruba,0,281
Aruba,0,281
Aruba,0,281
Aruba,0,281
Aruba,0,281
Aruba,0,281
Aruba,0,281
Aruba,0,281
Aruba,0,281
Aruba,0,281
Aruba,0,281
Aruba,0,281
Aruba,0,281
Aruba,0,281
Jamaica,1,NA
Jamaica,1,NA
Jamaica,6,NA
Jamaica,0,NA
Jamaica,2,NA
Jamaica,0,NA
Jamaica,2,NA
Jamaica,1,NA
Jamaica,2,1
Jamaica,1,1
Jamaica,0,1
Jamaica,3,1
Jamaica,0,1
Jamaica,2,1
Jamaica,5,1
Jamaica,0,1
Jamaica,0,1
Jamaica,4,1
Jamaica,2,1
Jamaica,4,1
Jamaica,0,1
Jamaica,8,3
Jamaica,3,3
Jamaica,0,3
Jamaica,6,3
Jamaica,5,3
Jamaica,0,3
Jamaica,5,3
Jamaica,0,4
Jamaica,0,4
Jamaica,0,4
Jamaica,2,4
Jamaica,4,4
Jamaica,4,4
Jamaica,0,4
Jamaica,52,5
Jamaica,18,5
Jamaica,0,5
Jamaica,20,5
Jamaica,10,5
Jamaica,50,5
Jamaica,0,6
Jamaica,10,6
Jamaica,24,6
Jamaica,31,7
Jamaica,17,7
Jamaica,45,7
Jamaica,14,7
Jamaica,0,7
Jamaica,32,7
Jamaica,26,8
Jamaica,10,8
Jamaica,31,8
Jamaica,6,9
Jamaica,2,9
Jamaica,2,9
Jamaica,5,9
Jamaica,10,9
Jamaica,2,9
Jamaica,0,9
Jamaica,12,9
Jamaica,3,9
Jamaica,2,9
Jamaica,2,9
Jamaica,0,9
Jamaica,2,9
Jamaica,6,9
Jamaica,3,9
Jamaica,0,9
Jamaica,0,9
Jamaica,9,9
Jamaica,5,9
Jamaica,10,9
Jamaica,6,9
Jamaica,2,9
Jamaica,4,9
Jamaica,8,9
Jamaica,5,9
Jamaica,0,9
Jamaica,6,9
Jamaica,6,9
Jamaica,5,9
Jamaica,2,9
Jamaica,2,9
Jamaica,1,10
Jamaica,0,10
Jamaica,4,10
Jamaica,1,10
Jamaica,2,10
Jamaica,1,10
Jamaica,6,10
Jamaica,0,10
Jamaica,6,10
Jamaica,3,10
Jamaica,1,10
Jamaica,2,10
Jamaica,4,10
Jamaica,0,10
Jamaica,5,10
Jamaica,12,10
Jamaica,14,10
Jamaica,5,10
Jamaica,2,10
Jamaica,6,10
Jamaica,5,10
Jamaica,8,10
Jamaica,6,10
Jamaica,2,10
Jamaica,4,10
Jamaica,6,10
Jamaica,2,10
Jamaica,4,10
Jamaica,5,10
Jamaica,8,10
Jamaica,6,10
Jamaica,7,10
Jamaica,4,10
Jamaica,5,10
Jamaica,8,10
Jamaica,6,10
Jamaica,2,10
Jamaica,0,10
Jamaica,5,10
Jamaica,0,10
Jamaica,1,10
Jamaica,3,10
Jamaica,1,10
Jamaica,2,10
Jamaica,3,10
Jamaica,6,10
Jamaica,16,10
Jamaica,19,10
Jamaica,1,10
Jamaica,6,10
Jamaica,5,10
Jamaica,10,10
Jamaica,6,10
Jamaica,5,10
Jamaica,11,10
Jamaica,2,10
Jamaica,1,10
Jamaica,8,10
Jamaica,14,10
Jamaica,5,10
Jamaica,11,12
Jamaica,11,12
Jamaica,15,12
Jamaica,8,12
Jamaica,30,12
Jamaica,29,13
Jamaica,16,13
Jamaica,20,14
Jamaica,8,14
Jamaica,16,14
Jamaica,18,14
Jamaica,6,14
Jamaica,11,14
Jamaica,0,14
Jamaica,31,14
Jamaica,16,14
Jamaica,17,14
Jamaica,46,14
Jamaica,98,15
Jamaica,56,16
Jamaica,0,16
Jamaica,183,16
Jamaica,83,16
Jamaica,120,19
Jamaica,72,19
Jamaica,66,19
Jamaica,141,19
Jamaica,102,20
Jamaica,244,21
Jamaica,102,21
Jamaica,0,21
Jamaica,224,24
Jamaica,213,29
Jamaica,68,30
Jamaica,60,32
Jamaica,79,33
Jamaica,80,34
Jamaica,140,36
Jamaica,114,38
Jamaica,74,40
Jamaica,0,40
Jamaica,112,40
Jamaica,148,42
Jamaica,162,44
Jamaica,109,46
Jamaica,122,46
Jamaica,210,51
Jamaica,197,55
Jamaica,187,60
Jamaica,230,67
Jamaica,155,70
Jamaica,127,75
Jamaica,125,76
Jamaica,193,77
Jamaica,135,80
Jamaica,131,88
Jamaica,163,89
Jamaica,153,93
Jamaica,238,101
Jamaica,74,107
Jamaica,73,111
Jamaica,149,116
Jamaica,91,119
Jamaica,100,120
Jamaica,117,120
Jamaica,97,123
Jamaica,82,126
Jamaica,82,128
Jamaica,90,132
Jamaica,196,138
Jamaica,159,139
Jamaica,95,146
Jamaica,97,146
Jamaica,79,151
Jamaica,78,160
Jamaica,65,162
Jamaica,63,168
Jamaica,79,171
Jamaica,47,173
Jamaica,53,174
Jamaica,71,174
Jamaica,155,179
Jamaica,38,182
Jamaica,32,186
Jamaica,44,188
Jamaica,35,192
Jamaica,38,196
Jamaica,64,198
Jamaica,76,202
Jamaica,78,205
Jamaica,89,206
Jamaica,37,208
Jamaica,126,210
Jamaica,39,214
Jamaica,30,215
Jamaica,47,217
Jamaica,53,218
Jamaica,46,218
Jamaica,34,221
Jamaica,36,221
Jamaica,31,224
Jamaica,8,225
Jamaica,53,225
Jamaica,89,227
Jamaica,57,229
Jamaica,104,231
Jamaica,45,231
Jamaica,30,231
Jamaica,60,233
Jamaica,69,235
Jamaica,63,235
Jamaica,89,237
Jamaica,44,238
Jamaica,59,239
Jamaica,79,243
Jamaica,66,247
Jamaica,53,248
Jamaica,59,250
Jamaica,69,251
Jamaica,40,256
Jamaica,54,257
Jamaica,47,258
Jamaica,54,258
Jamaica,47,259
Jamaica,76,260
Jamaica,76,261
Jamaica,57,265
Jamaica,64,265
Jamaica,87,265
Jamaica,98,266
Jamaica,74,270
Jamaica,66,270
Jamaica,99,271
Jamaica,102,273
Jamaica,82,273
Jamaica,83,276
Jamaica,32,276
Jamaica,61,279
Jamaica,71,283
Jamaica,96,285
Jamaica,89,286
Jamaica,65,286
Jamaica,65,288
Jamaica,69,290
Jamaica,96,292
Jamaica,78,294
Jamaica,87,294
Jamaica,39,295
Jamaica,9,298
Jamaica,20,298
Jamaica,41,302
Jamaica,34,302
Jamaica,88,303
Jamaica,16,303
Jamaica,118,304
Jamaica,154,304
Jamaica,43,305
Jamaica,84,306
Jamaica,38,306
Jamaica,43,307
Jamaica,44,311
Jamaica,93,312
Jamaica,89,313
Jamaica,123,315
Jamaica,92,317
Jamaica,63,322
Jamaica,77,323
Jamaica,104,323
Jamaica,65,324
Jamaica,113,326
Jamaica,145,329
Jamaica,68,331
Jamaica,63,331
Jamaica,108,332
Jamaica,114,336
Jamaica,107,336
Jamaica,133,338
Jamaica,141,339
Jamaica,88,342
Jamaica,194,344
Jamaica,27,345
Jamaica,65,348
Jamaica,126,350
Jamaica,125,352
Jamaica,195,353
Jamaica,100,355
Jamaica,177,355
Jamaica,263,357
Jamaica,328,357
Jamaica,244,358
Jamaica,213,358
Jamaica,403,359
Jamaica,207,362
Jamaica,329,363
Jamaica,290,368
Jamaica,303,372
Jamaica,205,374
Jamaica,270,378
Jamaica,468,378
Jamaica,243,381
Jamaica,294,384
Jamaica,271,391
Jamaica,343,391
Jamaica,458,396
Jamaica,297,399
Jamaica,147,405
Jamaica,193,406
Jamaica,248,410
Jamaica,204,413
Jamaica,346,417
Jamaica,446,422
Jamaica,336,425
Jamaica,239,432
Jamaica,265,435
Jamaica,341,436
Jamaica,332,443
Jamaica,527,446
Jamaica,723,453
Jamaica,878,454
Jamaica,561,460
Jamaica,808,463
Jamaica,695,475
Jamaica,419,480
Jamaica,525,484
Jamaica,587,485
Jamaica,806,492
Jamaica,602,494
Jamaica,821,507
Jamaica,638,511
Jamaica,604,519
Jamaica,695,524
Jamaica,673,533
Jamaica,558,536
Jamaica,335,542
Jamaica,439,545
Jamaica,458,546
Jamaica,330,557
Jamaica,289,566
Jamaica,480,570
Jamaica,287,586
Jamaica,334,587
Jamaica,389,596
Jamaica,306,599
Jamaica,424,607
Jamaica,482,613
Jamaica,214,615
Jamaica,350,618
Jamaica,315,622
Jamaica,72,631
Jamaica,204,646
Jamaica,239,661
Jamaica,276,669
Jamaica,381,672
Jamaica,263,676
Jamaica,161,682
Jamaica,130,692
Jamaica,186,697
Jamaica,233,713
Jamaica,211,721
Jamaica,206,723
Jamaica,246,727
Jamaica,118,738
Jamaica,83,744
Jamaica,165,751
Jamaica,140,752
Jamaica,225,756
Jamaica,137,760
Jamaica,141,761
Jamaica,67,767
Jamaica,80,770
Jamaica,122,770
Jamaica,164,778
Jamaica,199,779
Jamaica,90,784
Jamaica,172,790
Jamaica,48,793
Jamaica,107,794
Jamaica,144,798
Jamaica,90,801
Jamaica,160,803
Jamaica,120,806
Jamaica,74,809
Jamaica,39,814
Jamaica,101,820
Jamaica,98,834
Jamaica,130,838
Jamaica,83,843
Jamaica,86,860
Jamaica,77,863
Jamaica,83,878
Jamaica,93,892
Jamaica,100,902
Jamaica,104,904
Jamaica,123,912
Jamaica,60,917
Jamaica,95,925
Jamaica,27,931
Jamaica,20,934
Jamaica,79,935
Jamaica,108,936
Jamaica,86,942
Jamaica,93,945
Jamaica,90,948
Jamaica,37,949
Jamaica,45,951
Jamaica,94,951
Jamaica,88,960
Jamaica,80,964
Jamaica,50,970
Jamaica,32,971
Jamaica,48,974
Jamaica,59,988
Jamaica,20,989
Jamaica,69,990
Jamaica,53,996
Jamaica,45,997
Jamaica,79,1011
Jamaica,23,1012
Jamaica,50,1012
Jamaica,74,1023
Jamaica,61,1028
Jamaica,43,1031
Jamaica,61,1033
Jamaica,44,1034
Jamaica,23,1037
Jamaica,60,1042
Jamaica,46,1049
Jamaica,68,1051
Jamaica,55,1057
Jamaica,41,1061
Jamaica,49,1061
Jamaica,26,1065
Jamaica,44,1075
Jamaica,42,1080
Jamaica,76,1082
Jamaica,0,1082
Jamaica,0,1082
Jamaica,147,1094
Jamaica,15,1096
Jamaica,52,1101
Jamaica,41,1108
Jamaica,71,1111
Jamaica,61,1114
Jamaica,91,1130
Jamaica,37,1131
Jamaica,36,1134
Jamaica,55,1134
Jamaica,65,1136
Jamaica,70,1140
Jamaica,69,1153
Jamaica,83,1155
Jamaica,85,1157
Jamaica,62,1158
Jamaica,126,1163
Jamaica,134,1167
Jamaica,144,1168
Jamaica,0,1168
Jamaica,298,1176
Jamaica,105,1178
Jamaica,52,1179
Jamaica,181,1182
Jamaica,182,1182
Jamaica,180,1187
Jamaica,211,1190
Jamaica,342,1196
Jamaica,0,1196
Jamaica,306,1203
Jamaica,96,1207
Jamaica,200,1211
Jamaica,326,1214
Jamaica,315,1218
Jamaica,379,1222
Jamaica,281,1231
Jamaica,316,1241
Jamaica,334,1254
Jamaica,375,1268
Jamaica,544,1276
Jamaica,580,1285
Jamaica,656,1300
Jamaica,513,1311
Jamaica,630,1320
Jamaica,289,1339
Jamaica,555,1342
Jamaica,556,1356
Jamaica,794,1371
Jamaica,0,1371
Jamaica,1430,1402
Jamaica,752,1417
Jamaica,367,1431
Jamaica,463,1453
Jamaica,605,1465
Jamaica,835,1483
Jamaica,929,1504
Jamaica,739,1510
Jamaica,729,1518
Jamaica,351,1549
Jamaica,572,1568
Jamaica,735,1585
Jamaica,868,1593
Jamaica,687,1619
Jamaica,643,1637
Jamaica,837,1646
Jamaica,672,1666
Jamaica,511,1685
Jamaica,638,1693
Jamaica,652,1704
Jamaica,560,1731
Jamaica,594,1734
Jamaica,536,1736
Jamaica,510,1757
Jamaica,492,1768
Jamaica,601,1772
Jamaica,537,1777
Jamaica,546,1791
Jamaica,733,1794
Jamaica,374,1800
Jamaica,179,1803
Jamaica,435,1809
Jamaica,434,1821
Jamaica,521,1824
Jamaica,429,1834
Jamaica,252,1841
Jamaica,312,1859
Jamaica,144,1860
Jamaica,251,1869
Jamaica,332,1877
Jamaica,348,1884
Jamaica,284,1909
Jamaica,213,1922
Jamaica,249,1936
Jamaica,98,1943
Jamaica,214,1964
Jamaica,205,1980
Jamaica,225,1995
Jamaica,221,2000
Jamaica,258,2025
Jamaica,72,2034
Jamaica,51,2053
Jamaica,215,2059
Jamaica,264,2072
Jamaica,246,2103
Jamaica,157,2110
Jamaica,197,2117
Jamaica,81,2123
Jamaica,56,2129
Jamaica,74,2133
Jamaica,173,2153
Jamaica,189,2175
Jamaica,100,2179
Jamaica,172,2183
Jamaica,49,2184
Jamaica,50,2192
Jamaica,136,2199
Jamaica,109,2217
Jamaica,132,2229
Jamaica,107,2236
Jamaica,109,2243
Jamaica,47,2246
Jamaica,46,2249
Jamaica,133,2257
Jamaica,117,2272
Jamaica,121,2274
Jamaica,94,2275
Jamaica,65,2287
Jamaica,42,2293
Jamaica,30,2298
Jamaica,108,2302
Jamaica,79,2311
Jamaica,144,2322
Jamaica,60,2327
Jamaica,102,2329
Jamaica,30,2331
Jamaica,29,2331
Jamaica,97,2343
Jamaica,91,2354
Jamaica,72,2356
Jamaica,75,2358
Jamaica,102,2359
Jamaica,48,2363
Jamaica,50,2365
Jamaica,56,2367
Jamaica,65,2376
Jamaica,96,2385
Jamaica,47,2388
Jamaica,53,2391
Jamaica,27,2392
Jamaica,23,2396
Jamaica,32,2402
Jamaica,65,2406
Jamaica,52,2407
Jamaica,48,2410
Jamaica,67,2410
Jamaica,18,2411
Jamaica,24,2415
Jamaica,23,2416
Jamaica,51,2418
Jamaica,73,2424
Jamaica,40,2425
Jamaica,37,2428
Jamaica,41,2429
Jamaica,25,2432
Jamaica,59,2433
Jamaica,45,2441
Jamaica,46,2444
Jamaica,0,2444
Jamaica,71,2449
Jamaica,38,2450
Jamaica,99,2450
Jamaica,53,2461
Jamaica,76,2462
Jamaica,158,2462
Jamaica,192,2463
Jamaica,0,2463
Jamaica,245,2464
Jamaica,0,2464
Jamaica,641,2470
Jamaica,329,2473
Jamaica,729,2476
Jamaica,528,2476
Jamaica,769,2477
Jamaica,385,2479
Jamaica,735,2483
Jamaica,1128,2486
Jamaica,1269,2489
Jamaica,1593,2495
Jamaica,1449,2499
Jamaica,953,2501
Jamaica,1714,2502
Jamaica,1207,2506
Jamaica,1342,2514
Jamaica,1262,2517
Jamaica,1267,2522
Jamaica,1968,2530
Jamaica,1220,2536
Jamaica,1548,2551
Jamaica,1098,2555
Jamaica,860,2561
Jamaica,773,2568
Jamaica,1010,2572
Jamaica,838,2594
Jamaica,1117,2599
Jamaica,754,2609
Jamaica,527,2615
Jamaica,500,2617
Jamaica,584,2635
Jamaica,0,2635
Jamaica,1055,2650
Jamaica,410,2658
Jamaica,294,2663
Jamaica,161,2675
Jamaica,283,2677
Jamaica,267,2687
Jamaica,264,2691
Jamaica,212,2694
Jamaica,229,2698
Jamaica,128,2699
Jamaica,87,2706
Jamaica,152,2708
Jamaica,143,2720
Jamaica,154,2738
Jamaica,168,2739
Jamaica,109,2750
Jamaica,70,2750
Jamaica,61,2755
Jamaica,83,2769
Jamaica,59,2771
Jamaica,80,2779
Jamaica,94,2784
Jamaica,55,2787
Jamaica,41,2795
Jamaica,35,2798
Jamaica,58,2808
Jamaica,57,2810
Jamaica,60,2811
Jamaica,45,2813
Jamaica,25,2813
Jamaica,67,2814
Jamaica,26,2814
Jamaica,29,2815
Jamaica,34,2825
Jamaica,24,2825
Jamaica,13,2827
Jamaica,34,2830
Jamaica,15,2831
Jamaica,18,2835
Jamaica,27,2837
Jamaica,45,2839
Jamaica,36,2844
Jamaica,25,2845
Jamaica,21,2850
Jamaica,18,2851
Jamaica,8,2855
Jamaica,30,2857
Jamaica,21,2858
Jamaica,23,2863
Jamaica,39,2867
Jamaica,26,2869
Jamaica,0,2869
Jamaica,29,2872
Jamaica,13,2874
Jamaica,21,2875
Jamaica,0,2875
Jamaica,51,2879
Jamaica,25,2881
Jamaica,23,2882
Jamaica,8,2884
Jamaica,22,2888
Jamaica,29,2889
Jamaica,25,2893
Jamaica,0,2893
Jamaica,58,2897
Jamaica,0,2897
Jamaica,55,2899
Jamaica,26,2901
Jamaica,22,2902
Jamaica,0,2902
Jamaica,0,2902
Jamaica,78,2916
Jamaica,43,2917
Jamaica,15,2919
Jamaica,25,2921
Jamaica,35,2924
Jamaica,35,2926
Jamaica,35,2929
Jamaica,43,2931
Jamaica,31,2932
Jamaica,35,2936
Jamaica,26,2937
Jamaica,68,2941
Jamaica,48,2943
Jamaica,0,2943
Jamaica,143,2948
Jamaica,49,2949
Jamaica,66,2954
Jamaica,115,2955
Jamaica,116,2962
Jamaica,0,2962
Jamaica,0,2962
Jamaica,321,2967
Jamaica,89,2969
Jamaica,85,2970
Jamaica,123,2972
Jamaica,191,2973
Jamaica,0,2973
Jamaica,374,2977
Jamaica,166,2980
Jamaica,0,2980
Jamaica,217,2987
Jamaica,160,2991
Jamaica,276,2995
Jamaica,0,2995
Jamaica,0,2995
Jamaica,929,3011
Jamaica,194,3011
Jamaica,147,3013
Jamaica,288,3018
Jamaica,366,3021
Jamaica,0,3021
Jamaica,756,3032
Jamaica,0,3032
Jamaica,671,3039
Jamaica,131,3042
Jamaica,201,3044
Jamaica,0,3044
Jamaica,0,3044
Jamaica,650,3049
Jamaica,763,3056
Jamaica,190,3056
Jamaica,130,3059
Jamaica,328,3069
Jamaica,386,3069
Jamaica,0,3069
Jamaica,0,3069
Jamaica,919,3074
Jamaica,174,3076
Jamaica,253,3079
Jamaica,0,3079
Jamaica,462,3080
Jamaica,285,3082
Jamaica,260,3083
Jamaica,207,3084
Jamaica,84,3091
Jamaica,120,3091
Jamaica,152,3093
Jamaica,280,3093
Jamaica,0,3093
Jamaica,0,3093
Jamaica,414,3098
Jamaica,61,3098
Jamaica,92,3106
Jamaica,138,3107
Jamaica,150,3112
Jamaica,0,3112
Jamaica,279,3119
Jamaica,118,3120
Jamaica,68,3121
Jamaica,57,3124
Jamaica,121,3128
Jamaica,108,3130
Jamaica,185,3134
Jamaica,143,3140
Jamaica,107,3144
Jamaica,61,3145
Jamaica,0,3145
Jamaica,68,3147
Jamaica,134,3148
Jamaica,255,3155
Jamaica,117,3157
Jamaica,110,3158
Jamaica,46,3158
Jamaica,75,3161
Jamaica,136,3164
Jamaica,140,3166
Jamaica,128,3170
Jamaica,150,3171
Jamaica,114,3171
Jamaica,51,3173
Jamaica,65,3174
Jamaica,160,3176
Jamaica,188,3181
Jamaica,152,3181
Jamaica,136,3182
Jamaica,105,3184
Jamaica,65,3186
Jamaica,0,3186
Jamaica,180,3187
Jamaica,131,3191
Jamaica,127,3193
Jamaica,131,3194
Jamaica,96,3194
Jamaica,73,3195
Jamaica,67,3198
Jamaica,87,3199
Jamaica,148,3201
Jamaica,163,3206
Jamaica,183,3207
Jamaica,127,3207
Jamaica,28,3207
Jamaica,0,3207
Jamaica,223,3216
Jamaica,158,3219
Jamaica,183,3221
Jamaica,140,3221
Jamaica,136,3224
Jamaica,42,3226
Jamaica,96,3230
Jamaica,128,3230
Jamaica,177,3235
Jamaica,110,3237
Jamaica,87,3237
Jamaica,128,3237
Jamaica,44,3239
Jamaica,96,3239
Jamaica,126,3239
Jamaica,109,3241
Jamaica,93,3250
Jamaica,176,3250
Jamaica,118,3252
Jamaica,49,3254
Jamaica,35,3254
Jamaica,113,3254
Jamaica,107,3262
Jamaica,83,3262
Jamaica,79,3267
Jamaica,127,3268
Jamaica,51,3269
Jamaica,43,3269
Jamaica,0,3269
Jamaica,189,3277
Jamaica,73,3283
Jamaica,89,3284
Jamaica,92,3284
Jamaica,65,3286
Jamaica,12,3288
Jamaica,95,3288
Jamaica,114,3289
Jamaica,91,3290
Jamaica,48,3294
Jamaica,71,3296
Jamaica,35,3298
Jamaica,30,3299
Jamaica,101,3301
Jamaica,36,3304
Jamaica,52,3306
Jamaica,56,3310
Jamaica,56,3311
Jamaica,46,3312
Jamaica,39,3314
Jamaica,38,3317
Jamaica,0,3317
Jamaica,102,3320
Jamaica,0,3320
Jamaica,0,3320
Jamaica,0,3320
Jamaica,0,3320
Jamaica,0,3320
Jamaica,0,3320
Jamaica,0,3320
Jamaica,0,3320
Jamaica,0,3320
Jamaica,0,3320
Jamaica,0,3320
Jamaica,0,3320
Jamaica,0,3320
Jamaica,0,3320
Jamaica,0,3320
Jamaica,0,3320
Jamaica,0,3320
Jamaica,0,3320
Jamaica,0,3320
Jamaica,0,3320
Jamaica,0,3320
Jamaica,0,3320
Jamaica,0,3320
Jamaica,0,3320
Jamaica,0,3320
Jamaica,0,3320
Jamaica,0,3320
Jamaica,0,3320
Jamaica,0,3320
Jamaica,0,3320
Jamaica,0,3320
Jamaica,0,3320
Jamaica,0,3320
Jamaica,0,3320
Jamaica,0,3320
Jamaica,0,3320
Jamaica,305,3349
Jamaica,70,3350
Jamaica,0,3350
Jamaica,0,3350
Jamaica,0,3350
Jamaica,0,3350
Jamaica,0,3350
Jamaica,0,3350
Jamaica,75,3351
Jamaica,0,3351
Jamaica,0,3351
Jamaica,0,3351
Jamaica,0,3351
Jamaica,0,3351
Jamaica,0,3351
Jamaica,136,3399
Jamaica,0,3399
Jamaica,0,3399
Jamaica,0,3399
Jamaica,0,3399
Jamaica,0,3399
Jamaica,0,3399
Jamaica,0,3399
Jamaica,0,3399
Jamaica,0,3399
Jamaica,0,3399
Jamaica,0,3399
Jamaica,0,3399
Jamaica,0,3399
Jamaica,0,3399
Jamaica,107,3433
Jamaica,0,3433
Jamaica,45,3433
Jamaica,0,3433
Jamaica,0,3433
Jamaica,0,3433
Jamaica,0,3433
Jamaica,0,3433
Jamaica,0,3447
Jamaica,0,3447
Jamaica,0,3447
Jamaica,0,3447
Jamaica,0,3447
Jamaica,0,3447
Jamaica,89,3461
Jamaica,0,3461
Jamaica,0,3461
Jamaica,0,3461
Jamaica,0,3461
Jamaica,0,3461
Jamaica,0,3461
Jamaica,0,3461
Jamaica,0,3461
Jamaica,0,3461
Jamaica,0,3461
Jamaica,0,3461
Jamaica,0,3461
Jamaica,33,3464
Jamaica,0,3464
Jamaica,0,3464
Jamaica,0,3464
Jamaica,0,3464
Jamaica,0,3464
Jamaica,36,3465
Jamaica,0,3465
Jamaica,141,3465
Jamaica,0,3465
Jamaica,0,3465
Jamaica,0,3465
Jamaica,0,3465
Jamaica,0,3465
Jamaica,175,3476
Jamaica,0,3476
Jamaica,0,3476
Jamaica,0,3476
Jamaica,0,3476
Jamaica,0,3476
Jamaica,0,3476
Jamaica,264,3480
Jamaica,0,3480
Jamaica,0,3480
Jamaica,0,3480
Jamaica,0,3480
Jamaica,0,3480
Jamaica,0,3480
Jamaica,0,3480
Jamaica,222,3484
Jamaica,0,3484
Jamaica,0,3484
Jamaica,0,3484
Jamaica,0,3484
Jamaica,0,3484
Jamaica,0,3484
Jamaica,0,3484
Laos,2,NA
Laos,1,NA
Laos,3,NA
Laos,0,NA
Laos,2,NA
Laos,0,NA
Laos,0,NA
Laos,1,NA
Laos,1,NA
Laos,0,NA
Laos,0,NA
Laos,0,NA
Laos,1,NA
Laos,1,NA
Laos,2,NA
Laos,1,NA
Laos,1,NA
Laos,0,NA
Laos,2,NA
Laos,1,NA
Laos,0,NA
Laos,0,NA
Laos,0,NA
Laos,0,NA
Laos,0,NA
Laos,0,NA
Laos,0,NA
Laos,0,NA
Laos,0,NA
Laos,0,NA
Laos,0,NA
Laos,0,NA
Laos,0,NA
Laos,0,NA
Laos,0,NA
Laos,0,NA
Laos,0,NA
Laos,0,NA
Laos,0,NA
Laos,0,NA
Laos,0,NA
Laos,0,NA
Laos,0,NA
Laos,0,NA
Laos,0,NA
Laos,0,NA
Laos,0,NA
Laos,0,NA
Laos,0,NA
Laos,0,NA
Laos,0,NA
Laos,0,NA
Laos,0,NA
Laos,0,NA
Laos,0,NA
Laos,0,NA
Laos,0,NA
Laos,0,NA
Laos,0,NA
Laos,0,NA
Laos,0,NA
Laos,0,NA
Laos,0,NA
Laos,0,NA
Laos,0,NA
Laos,0,NA
Laos,0,NA
Laos,0,NA
Laos,0,NA
Laos,0,NA
Laos,0,NA
Laos,0,NA
Laos,0,NA
Laos,0,NA
Laos,0,NA
Laos,0,NA
Laos,0,NA
Laos,0,NA
Laos,0,NA
Laos,0,NA
Laos,0,NA
Laos,0,NA
Laos,0,NA
Laos,0,NA
Laos,0,NA
Laos,0,NA
Laos,0,NA
Laos,0,NA
Laos,0,NA
Laos,0,NA
Laos,0,NA
Laos,0,NA
Laos,0,NA
Laos,0,NA
Laos,0,NA
Laos,0,NA
Laos,0,NA
Laos,0,NA
Laos,0,NA
Laos,0,NA
Laos,0,NA
Laos,0,NA
Laos,0,NA
Laos,0,NA
Laos,0,NA
Laos,0,NA
Laos,0,NA
Laos,0,NA
Laos,0,NA
Laos,0,NA
Laos,0,NA
Laos,0,NA
Laos,0,NA
Laos,0,NA
Laos,0,NA
Laos,0,NA
Laos,0,NA
Laos,0,NA
Laos,0,NA
Laos,0,NA
Laos,0,NA
Laos,0,NA
Laos,1,NA
Laos,0,NA
Laos,0,NA
Laos,0,NA
Laos,0,NA
Laos,0,NA
Laos,0,NA
Laos,0,NA
Laos,0,NA
Laos,0,NA
Laos,0,NA
Laos,0,NA
Laos,0,NA
Laos,0,NA
Laos,0,NA
Laos,0,NA
Laos,0,NA
Laos,0,NA
Laos,0,NA
Laos,0,NA
Laos,0,NA
Laos,2,NA
Laos,0,NA
Laos,0,NA
Laos,0,NA
Laos,0,NA
Laos,0,NA
Laos,0,NA
Laos,0,NA
Laos,0,NA
Laos,0,NA
Laos,0,NA
Laos,0,NA
Laos,0,NA
Laos,0,NA
Laos,0,NA
Laos,0,NA
Laos,0,NA
Laos,0,NA
Laos,0,NA
Laos,0,NA
Laos,0,NA
Laos,0,NA
Laos,0,NA
Laos,0,NA
Laos,0,NA
Laos,0,NA
Laos,0,NA
Laos,0,NA
Laos,1,NA
Laos,0,NA
Laos,0,NA
Laos,0,NA
Laos,0,NA
Laos,0,NA
Laos,0,NA
Laos,0,NA
Laos,0,NA
Laos,0,NA
Laos,0,NA
Laos,0,NA
Laos,0,NA
Laos,0,NA
Laos,0,NA
Laos,0,NA
Laos,0,NA
Laos,0,NA
Laos,0,NA
Laos,0,NA
Laos,0,NA
Laos,0,NA
Laos,0,NA
Laos,0,NA
Laos,0,NA
Laos,0,NA
Laos,0,NA
Laos,0,NA
Laos,0,NA
Laos,0,NA
Laos,0,NA
Laos,0,NA
Laos,0,NA
Laos,0,NA
Laos,0,NA
Laos,0,NA
Laos,0,NA
Laos,0,NA
Laos,0,NA
Laos,0,NA
Laos,1,NA
Laos,0,NA
Laos,0,NA
Laos,0,NA
Laos,0,NA
Laos,0,NA
Laos,0,NA
Laos,0,NA
Laos,0,NA
Laos,0,NA
Laos,0,NA
Laos,0,NA
Laos,0,NA
Laos,0,NA
Laos,0,NA
Laos,0,NA
Laos,0,NA
Laos,0,NA
Laos,0,NA
Laos,0,NA
Laos,0,NA
Laos,0,NA
Laos,0,NA
Laos,0,NA
Laos,0,NA
Laos,0,NA
Laos,0,NA
Laos,1,NA
Laos,0,NA
Laos,0,NA
Laos,0,NA
Laos,0,NA
Laos,0,NA
Laos,14,NA
Laos,0,NA
Laos,0,NA
Laos,0,NA
Laos,0,NA
Laos,0,NA
Laos,0,NA
Laos,0,NA
Laos,0,NA
Laos,0,NA
Laos,0,NA
Laos,0,NA
Laos,0,NA
Laos,0,NA
Laos,2,NA
Laos,0,NA
Laos,0,NA
Laos,0,NA
Laos,0,NA
Laos,0,NA
Laos,0,NA
Laos,0,NA
Laos,0,NA
Laos,0,NA
Laos,0,NA
Laos,0,NA
Laos,0,NA
Laos,0,NA
Laos,0,NA
Laos,0,NA
Laos,0,NA
Laos,0,NA
Laos,0,NA
Laos,0,NA
Laos,0,NA
Laos,0,NA
Laos,0,NA
Laos,0,NA
Laos,0,NA
Laos,0,NA
Laos,0,NA
Laos,0,NA
Laos,0,NA
Laos,0,NA
Laos,0,NA
Laos,0,NA
Laos,0,NA
Laos,0,NA
Laos,0,NA
Laos,0,NA
Laos,0,NA
Laos,0,NA
Laos,0,NA
Laos,0,NA
Laos,0,NA
Laos,0,NA
Laos,0,NA
Laos,0,NA
Laos,0,NA
Laos,0,NA
Laos,0,NA
Laos,0,NA
Laos,0,NA
Laos,3,NA
Laos,0,NA
Laos,0,NA
Laos,0,NA
Laos,0,NA
Laos,0,NA
Laos,0,NA
Laos,0,NA
Laos,0,NA
Laos,1,NA
Laos,0,NA
Laos,0,NA
Laos,0,NA
Laos,0,NA
Laos,0,NA
Laos,0,NA
Laos,0,NA
Laos,0,NA
Laos,0,NA
Laos,0,NA
Laos,0,NA
Laos,0,NA
Laos,0,NA
Laos,0,NA
Laos,0,NA
Laos,0,NA
Laos,0,NA
Laos,0,NA
Laos,0,NA
Laos,0,NA
Laos,0,NA
Laos,0,NA
Laos,0,NA
Laos,0,NA
Laos,0,NA
Laos,0,NA
Laos,0,NA
Laos,0,NA
Laos,0,NA
Laos,2,NA
Laos,0,NA
Laos,0,NA
Laos,0,NA
Laos,0,NA
Laos,0,NA
Laos,1,NA
Laos,0,NA
Laos,0,NA
Laos,0,NA
Laos,0,NA
Laos,0,NA
Laos,1,NA
Laos,0,NA
Laos,0,NA
Laos,0,NA
Laos,0,NA
Laos,0,NA
Laos,0,NA
Laos,0,NA
Laos,0,NA
Laos,0,NA
Laos,0,NA
Laos,0,NA
Laos,0,NA
Laos,0,NA
Laos,0,NA
Laos,0,NA
Laos,0,NA
Laos,0,NA
Laos,0,NA
Laos,0,NA
Laos,0,NA
Laos,0,NA
Laos,0,NA
Laos,0,NA
Laos,0,NA
Laos,2,NA
Laos,1,NA
Laos,0,NA
Laos,1,NA
Laos,0,NA
Laos,1,NA
Laos,4,NA
Laos,0,NA
Laos,0,NA
Laos,2,NA
Laos,28,NA
Laos,6,NA
Laos,65,NA
Laos,88,NA
Laos,76,NA
Laos,113,NA
Laos,75,NA
Laos,93,NA
Laos,68,NA
Laos,85,NA
Laos,64,NA
Laos,112,NA
Laos,33,NA
Laos,60,NA
Laos,46,NA
Laos,105,NA
Laos,28,NA
Laos,28,NA
Laos,69,1
Laos,25,1
Laos,35,1
Laos,55,1
Laos,65,1
Laos,16,2
Laos,72,2
Laos,21,2
Laos,47,2
Laos,49,2
Laos,50,2
Laos,14,2
Laos,12,2
Laos,19,2
Laos,19,2
Laos,21,2
Laos,56,2
Laos,5,2
Laos,12,2
Laos,10,3
Laos,3,3
Laos,3,3
Laos,1,3
Laos,17,3
Laos,5,3
Laos,9,3
Laos,9,3
Laos,5,3
Laos,6,3
Laos,5,3
Laos,2,3
Laos,1,3
Laos,4,3
Laos,4,3
Laos,11,3
Laos,6,3
Laos,14,3
Laos,15,3
Laos,8,3
Laos,1,3
Laos,13,3
Laos,3,3
Laos,3,3
Laos,1,3
Laos,13,3
Laos,9,3
Laos,4,3
Laos,14,3
Laos,6,3
Laos,10,3
Laos,0,3
Laos,0,3
Laos,11,3
Laos,23,3
Laos,32,3
Laos,37,3
Laos,31,3
Laos,56,3
Laos,56,3
Laos,44,3
Laos,69,3
Laos,68,3
Laos,93,3
Laos,89,3
Laos,106,3
Laos,76,3
Laos,75,3
Laos,116,4
Laos,95,4
Laos,108,4
Laos,131,5
Laos,114,5
Laos,170,5
Laos,153,5
Laos,256,5
Laos,223,5
Laos,278,5
Laos,142,5
Laos,223,5
Laos,169,5
Laos,280,6
Laos,241,6
Laos,244,6
Laos,380,7
Laos,267,7
Laos,199,7
Laos,250,7
Laos,290,7
Laos,206,7
Laos,267,7
Laos,0,7
Laos,614,8
Laos,169,8
Laos,315,8
Laos,285,8
Laos,202,9
Laos,305,9
Laos,226,9
Laos,198,9
Laos,349,9
Laos,207,9
Laos,381,9
Laos,284,9
Laos,440,11
Laos,411,11
Laos,305,11
Laos,152,11
Laos,336,11
Laos,952,11
Laos,195,12
Laos,247,12
Laos,115,12
Laos,175,12
Laos,175,14
Laos,199,14
Laos,274,14
Laos,170,14
Laos,146,15
Laos,156,16
Laos,172,16
Laos,125,16
Laos,307,16
Laos,211,16
Laos,166,16
Laos,194,16
Laos,204,16
Laos,217,16
Laos,198,16
Laos,127,16
Laos,223,16
Laos,154,16
Laos,288,16
Laos,467,16
Laos,371,16
Laos,214,16
Laos,331,16
Laos,222,16
Laos,694,16
Laos,434,16
Laos,447,16
Laos,292,16
Laos,622,16
Laos,500,16
Laos,547,17
Laos,358,18
Laos,464,20
Laos,606,21
Laos,301,22
Laos,307,22
Laos,463,22
Laos,475,23
Laos,414,23
Laos,731,24
Laos,0,24
Laos,933,26
Laos,309,30
Laos,549,33
Laos,566,35
Laos,651,36
Laos,573,36
Laos,548,38
Laos,293,40
Laos,285,40
Laos,657,45
Laos,635,47
Laos,392,49
Laos,520,49
Laos,467,50
Laos,648,52
Laos,615,53
Laos,770,56
Laos,733,59
Laos,530,59
Laos,447,61
Laos,858,62
Laos,685,65
Laos,685,67
Laos,873,70
Laos,1062,73
Laos,1170,76
Laos,959,77
Laos,960,81
Laos,1076,82
Laos,786,86
Laos,1050,89
Laos,1139,91
Laos,946,93
Laos,1198,94
Laos,1032,96
Laos,985,99
Laos,826,104
Laos,1306,110
Laos,1073,112
Laos,1401,116
Laos,1097,119
Laos,1344,126
Laos,921,132
Laos,999,133
Laos,1323,137
Laos,1336,142
Laos,1504,143
Laos,1510,147
Laos,1491,154
Laos,1195,159
Laos,929,166
Laos,1291,170
Laos,1425,178
Laos,1333,186
Laos,1004,191
Laos,969,201
Laos,1364,207
Laos,889,210
Laos,1360,214
Laos,1209,219
Laos,1212,224
Laos,1645,231
Laos,1898,236
Laos,1274,247
Laos,1138,250
Laos,1358,250
Laos,1245,256
Laos,1493,262
Laos,1702,266
Laos,1249,268
Laos,1067,273
Laos,824,274
Laos,1128,284
Laos,1341,288
Laos,0,288
Laos,2508,305
Laos,1007,317
Laos,851,325
Laos,547,328
Laos,962,342
Laos,1042,355
Laos,1272,360
Laos,1006,372
Laos,1023,374
Laos,684,380
Laos,665,391
Laos,519,403
Laos,836,409
Laos,0,409
Laos,2103,421
Laos,1066,430
Laos,924,437
Laos,641,448
Laos,999,457
Laos,916,464
Laos,805,471
Laos,1052,476
Laos,900,488
Laos,538,495
Laos,602,497
Laos,733,500
Laos,1281,507
Laos,901,508
Laos,676,518
Laos,612,524
Laos,417,526
Laos,340,527
Laos,560,529
Laos,579,533
Laos,698,534
Laos,551,538
Laos,537,538
Laos,306,544
Laos,329,547
Laos,585,551
Laos,463,553
Laos,400,558
Laos,359,562
Laos,488,565
Laos,290,569
Laos,282,574
Laos,383,577
Laos,454,583
Laos,450,584
Laos,424,588
Laos,334,591
Laos,263,594
Laos,216,597
Laos,441,598
Laos,345,602
Laos,323,602
Laos,251,605
Laos,285,608
Laos,194,610
Laos,218,612
Laos,140,613
Laos,253,616
Laos,239,617
Laos,304,619
Laos,237,621
Laos,135,621
Laos,134,621
Laos,224,623
Laos,273,623
Laos,246,626
Laos,224,628
Laos,259,628
Laos,186,628
Laos,165,632
Laos,231,633
Laos,208,634
Laos,335,637
Laos,413,640
Laos,427,641
Laos,394,641
Laos,359,641
Laos,722,643
Laos,848,643
Laos,874,643
Laos,1508,645
Laos,1317,645
Laos,1001,645
Laos,1137,649
Laos,2328,651
Laos,2625,653
Laos,2819,652
Laos,2212,654
Laos,0,654
Laos,3915,660
Laos,1263,661
Laos,2183,663
Laos,2697,664
Laos,2762,665
Laos,2665,669
Laos,2404,673
Laos,1593,679
Laos,1038,682
Laos,2272,682
Laos,2115,684
Laos,2032,687
Laos,1843,690
Laos,1681,692
Laos,924,698
Laos,662,700
Laos,1290,702
Laos,901,707
Laos,690,709
Laos,426,712
Laos,434,714
Laos,322,718
Laos,312,722
Laos,958,727
Laos,1082,730
Laos,1003,730
Laos,729,730
Laos,619,732
Laos,1082,732
Laos,0,732
Laos,67,736
Laos,470,737
Laos,369,739
Laos,315,743
Laos,273,744
Laos,0,744
Laos,245,744
Laos,153,745
Laos,244,746
Laos,257,748
Laos,0,748
Laos,167,749
Laos,0,749
Laos,224,751
Laos,180,752
Laos,89,752
Laos,215,752
Laos,78,754
Laos,65,754
Laos,0,754
Laos,48,754
Laos,68,754
Laos,51,754
Laos,54,754
Laos,91,754
Laos,1,754
Laos,29,754
Laos,16,754
Laos,79,756
Laos,38,756
Laos,27,756
Laos,34,756
Laos,28,756
Laos,15,756
Laos,10,756
Laos,14,756
Laos,37,756
Laos,19,756
Laos,16,756
Laos,8,756
Laos,12,756
Laos,2,756
Laos,15,756
Laos,10,756
Laos,21,756
Laos,9,757
Laos,NA,757
Laos,11,757
Laos,11,757
Laos,6,757
Laos,9,757
Laos,0,757
Laos,7,757
Laos,14,757
Laos,0,757
Laos,14,757
Laos,6,757
Laos,0,757
Laos,8,757
Laos,11,757
Laos,5,757
Laos,9,757
Laos,4,757
Laos,7,757
Laos,20,757
Laos,14,757
Laos,5,757
Laos,9,757
Laos,1,757
Laos,6,757
Laos,11,757
Laos,7,757
Laos,10,757
Laos,7,757
Laos,0,757
Laos,18,757
Laos,9,757
Laos,11,757
Laos,15,757
Laos,32,757
Laos,29,757
Laos,48,757
Laos,18,757
Laos,18,757
Laos,46,757
Laos,46,757
Laos,38,757
Laos,43,757
Laos,47,757
Laos,23,757
Laos,26,757
Laos,62,757
Laos,86,757
Laos,89,757
Laos,83,757
Laos,57,757
Laos,47,757
Laos,32,757
Laos,104,757
Laos,66,757
Laos,96,757
Laos,106,757
Laos,68,757
Laos,131,757
Laos,0,757
Laos,100,757
Laos,85,757
Laos,97,757
Laos,90,757
Laos,109,757
Laos,33,757
Laos,87,757
Laos,128,757
Laos,190,757
Laos,159,757
Laos,152,757
Laos,85,757
Laos,52,757
Laos,55,757
Laos,106,757
Laos,132,757
Laos,89,757
Laos,100,757
Laos,47,757
Laos,86,757
Laos,0,757
Laos,101,757
Laos,114,757
Laos,130,757
Laos,104,757
Laos,134,757
Laos,0,757
Laos,48,757
Laos,108,757
Laos,86,757
Laos,186,757
Laos,62,757
Laos,0,757
Laos,85,757
Laos,0,757
Laos,175,757
Laos,115,757
Laos,50,757
Laos,0,757
Laos,69,757
Laos,57,757
Laos,57,758
Laos,50,758
Laos,60,758
Laos,39,758
Laos,37,758
Laos,23,758
Laos,37,758
Laos,48,758
Laos,22,758
Laos,0,758
Laos,22,758
Laos,17,758
Laos,16,758
Laos,4,758
Laos,29,758
Laos,17,758
Laos,26,758
Laos,19,758
Laos,22,758
Laos,2,758
Laos,7,758
Laos,6,758
Laos,19,758
Laos,20,758
Laos,21,758
Laos,20,758
Laos,10,758
Laos,3,758
Laos,0,758
Laos,15,758
Laos,42,758
Laos,0,758
Laos,15,758
Laos,4,758
Laos,0,758
Laos,21,758
Laos,7,758
Laos,7,758
Laos,11,758
Laos,6,758
Laos,0,758
Laos,7,758
Laos,7,758
Laos,0,758
Laos,17,758
Laos,5,758
Laos,12,758
Laos,0,758
Laos,9,758
Laos,9,758
Laos,8,758
Laos,20,758
Laos,12,758
Laos,20,758
Laos,2,758
Laos,6,758
Laos,18,758
Laos,16,758
Laos,34,758
Laos,13,758
Laos,16,758
Laos,0,758
Laos,8,758
Laos,24,758
Laos,37,758
Laos,25,758
Laos,14,758
Laos,24,758
Laos,19,758
Laos,13,758
Laos,36,758
Laos,33,758
Laos,51,758
Laos,36,758
Laos,30,758
Laos,14,758
Laos,19,758
Laos,76,758
Laos,69,758
Laos,38,758
Laos,73,758
Laos,46,758
Laos,16,758
Laos,0,758
Laos,76,758
Laos,52,758
Laos,43,758
Laos,41,758
Laos,0,758
Laos,57,758
Laos,28,758
Laos,28,758
Laos,40,758
Laos,60,758
Laos,25,758
Laos,0,758
Laos,31,758
Laos,16,758
Laos,43,758
Laos,28,758
Laos,25,758
Laos,22,758
Laos,18,758
Laos,3,758
Laos,0,758
Laos,8,758
Laos,20,758
Laos,10,758
Laos,15,758
Laos,7,758
Laos,6,758
Laos,5,758
Laos,19,758
Laos,14,758
Laos,14,758
Laos,7,758
Laos,5,758
Laos,0,758
Laos,0,758
Laos,7,758
Laos,0,758
Laos,1,758
Laos,6,758
Laos,0,758
Laos,1,758
Laos,2,758
Laos,0,758
Laos,7,758
Laos,0,758
Laos,8,758
Laos,3,758
Laos,0,758
Laos,0,758
Laos,7,758
Laos,4,758
Laos,4,758
Laos,4,758
Laos,6,758
Laos,0,758
Laos,3,758
Laos,0,758
Laos,2,758
Laos,0,758
Oceania,0,NA
Oceania,4,NA
Oceania,1,NA
Oceania,0,NA
Oceania,1,NA
Oceania,3,NA
Oceania,0,NA
Oceania,3,NA
Oceania,0,NA
Oceania,0,NA
Oceania,1,NA
Oceania,0,NA
Oceania,1,NA
Oceania,1,NA
Oceania,0,NA
Oceania,0,NA
Oceania,0,NA
Oceania,0,NA
Oceania,0,NA
Oceania,0,NA
Oceania,0,NA
Oceania,0,NA
Oceania,0,NA
Oceania,0,NA
Oceania,0,NA
Oceania,0,NA
Oceania,0,NA
Oceania,0,NA
Oceania,0,NA
Oceania,0,NA
Oceania,0,NA
Oceania,0,NA
Oceania,0,NA
Oceania,0,NA
Oceania,1,NA
Oceania,10,NA
Oceania,2,1
Oceania,3,1
Oceania,9,1
Oceania,15,2
Oceania,3,2
Oceania,6,2
Oceania,4,2
Oceania,13,3
Oceania,15,3
Oceania,16,3
Oceania,21,3
Oceania,0,3
Oceania,75,3
Oceania,51,3
Oceania,49,3
Oceania,80,3
Oceania,79,5
Oceania,124,6
Oceania,127,6
Oceania,127,7
Oceania,299,7
Oceania,532,7
Oceania,138,7
Oceania,425,8
Oceania,375,8
Oceania,529,13
Oceania,419,13
Oceania,580,14
Oceania,407,17
Oceania,458,18
Oceania,257,19
Oceania,365,21
Oceania,347,25
Oceania,287,29
Oceania,308,31
Oceania,228,39
Oceania,181,44
Oceania,158,49
Oceania,169,54
Oceania,127,55
Oceania,152,58
Oceania,117,61
Oceania,32,72
Oceania,57,73
Oceania,81,74
Oceania,45,75
Oceania,43,75
Oceania,68,78
Oceania,59,79
Oceania,51,85
Oceania,24,85
Oceania,27,85
Oceania,15,85
Oceania,15,93
Oceania,20,97
Oceania,26,98
Oceania,20,103
Oceania,10,103
Oceania,26,109
Oceania,10,111
Oceania,17,113
Oceania,18,113
Oceania,23,114
Oceania,23,116
Oceania,25,117
Oceania,32,118
Oceania,20,118
Oceania,20,118
Oceania,7,118
Oceania,23,118
Oceania,12,119
Oceania,22,119
Oceania,10,120
Oceania,9,120
Oceania,31,120
Oceania,16,120
Oceania,10,120
Oceania,10,121
Oceania,14,121
Oceania,8,122
Oceania,9,122
Oceania,15,123
Oceania,4,123
Oceania,15,124
Oceania,0,125
Oceania,12,125
Oceania,13,126
Oceania,11,126
Oceania,16,126
Oceania,19,126
Oceania,8,126
Oceania,10,126
Oceania,20,125
Oceania,8,125
Oceania,11,125
Oceania,7,125
Oceania,5,125
Oceania,7,125
Oceania,6,125
Oceania,2,125
Oceania,8,125
Oceania,11,125
Oceania,4,125
Oceania,5,125
Oceania,26,125
Oceania,15,125
Oceania,14,125
Oceania,23,125
Oceania,22,125
Oceania,18,125
Oceania,4,125
Oceania,52,125
Oceania,15,125
Oceania,21,125
Oceania,30,126
Oceania,41,127
Oceania,38,127
Oceania,9,127
Oceania,89,127
Oceania,82,127
Oceania,70,127
Oceania,86,127
Oceania,83,127
Oceania,65,127
Oceania,194,127
Oceania,186,127
Oceania,142,129
Oceania,176,129
Oceania,132,129
Oceania,173,129
Oceania,325,129
Oceania,180,130
Oceania,245,131
Oceania,183,131
Oceania,272,131
Oceania,238,134
Oceania,325,136
Oceania,424,139
Oceania,213,141
Oceania,365,145
Oceania,269,146
Oceania,363,149
Oceania,474,151
Oceania,411,156
Oceania,295,162
Oceania,356,168
Oceania,460,178
Oceania,555,184
Oceania,369,190
Oceania,282,199
Oceania,717,213
Oceania,605,221
Oceania,388,227
Oceania,637,234
Oceania,444,247
Oceania,413,258
Oceania,722,273
Oceania,484,281
Oceania,392,293
Oceania,456,305
Oceania,387,322
Oceania,339,340
Oceania,360,358
Oceania,414,379
Oceania,350,388
Oceania,398,402
Oceania,327,406
Oceania,265,423
Oceania,332,448
Oceania,282,465
Oceania,236,477
Oceania,252,490
Oceania,196,500
Oceania,201,513
Oceania,212,530
Oceania,153,545
Oceania,145,553
Oceania,335,577
Oceania,168,600
Oceania,143,612
Oceania,208,630
Oceania,125,641
Oceania,91,684
Oceania,178,689
Oceania,111,695
Oceania,188,710
Oceania,95,769
Oceania,154,780
Oceania,87,785
Oceania,56,794
Oceania,137,802
Oceania,104,813
Oceania,87,820
Oceania,106,829
Oceania,142,837
Oceania,46,844
Oceania,44,852
Oceania,197,852
Oceania,40,860
Oceania,47,868
Oceania,48,873
Oceania,38,880
Oceania,177,885
Oceania,15,888
Oceania,30,891
Oceania,172,896
Oceania,86,901
Oceania,26,909
Oceania,129,911
Oceania,27,913
Oceania,4,916
Oceania,13,923
Oceania,175,928
Oceania,154,930
Oceania,18,932
Oceania,125,936
Oceania,20,937
Oceania,14,937
Oceania,292,939
Oceania,12,941
Oceania,158,942
Oceania,92,942
Oceania,356,942
Oceania,20,943
Oceania,27,943
Oceania,536,945
Oceania,29,950
Oceania,357,952
Oceania,19,952
Oceania,234,953
Oceania,18,953
Oceania,9,954
Oceania,759,956
Oceania,63,956
Oceania,631,959
Oceania,30,959
Oceania,666,960
Oceania,19,960
Oceania,79,960
Oceania,592,966
Oceania,20,968
Oceania,851,971
Oceania,17,971
Oceania,14,971
Oceania,12,971
Oceania,10,971
Oceania,1404,980
Oceania,325,980
Oceania,348,981
Oceania,483,981
Oceania,251,981
Oceania,12,981
Oceania,13,981
Oceania,693,991
Oceania,295,994
Oceania,353,994
Oceania,175,994
Oceania,231,995
Oceania,32,995
Oceania,40,995
Oceania,428,998
Oceania,267,1003
Oceania,238,1004
Oceania,239,1004
Oceania,182,1005
Oceania,26,1005
Oceania,15,1005
Oceania,344,1010
Oceania,253,1012
Oceania,295,1012
Oceania,115,1014
Oceania,230,1015
Oceania,6,1015
Oceania,16,1016
Oceania,305,1018
Oceania,212,1019
Oceania,182,1020
Oceania,194,1021
Oceania,229,1022
Oceania,9,1022
Oceania,8,1022
Oceania,21,1022
Oceania,247,1029
Oceania,87,1033
Oceania,139,1034
Oceania,133,1035
Oceania,9,1035
Oceania,14,1035
Oceania,140,1040
Oceania,144,1041
Oceania,117,1042
Oceania,206,1045
Oceania,97,1047
Oceania,48,1047
Oceania,35,1047
Oceania,185,1051
Oceania,91,1051
Oceania,81,1052
Oceania,115,1053
Oceania,23,1053
Oceania,27,1053
Oceania,29,1054
Oceania,165,1059
Oceania,134,1059
Oceania,91,1060
Oceania,95,1060
Oceania,35,1060
Oceania,43,1060
Oceania,41,1060
Oceania,80,1067
Oceania,123,1067
Oceania,55,1067
Oceania,89,1067
Oceania,69,1068
Oceania,44,1068
Oceania,22,1069
Oceania,127,1071
Oceania,89,1071
Oceania,100,1071
Oceania,135,1073
Oceania,66,1073
Oceania,34,1073
Oceania,19,1073
Oceania,72,1074
Oceania,14,1074
Oceania,10,1074
Oceania,139,1075
Oceania,37,1075
Oceania,13,1075
Oceania,16,1075
Oceania,66,1076
Oceania,75,1078
Oceania,48,1078
Oceania,48,1078
Oceania,37,1078
Oceania,6,1078
Oceania,7,1078
Oceania,65,1079
Oceania,7,1079
Oceania,59,1080
Oceania,26,1080
Oceania,50,1080
Oceania,10,1080
Oceania,10,1081
Oceania,36,1083
Oceania,29,1083
Oceania,31,1083
Oceania,37,1083
Oceania,15,1083
Oceania,8,1083
Oceania,8,1083
Oceania,37,1083
Oceania,56,1085
Oceania,27,1085
Oceania,27,1085
Oceania,15,1086
Oceania,21,1086
Oceania,11,1086
Oceania,107,1087
Oceania,67,1087
Oceania,48,1089
Oceania,113,1090
Oceania,20,1090
Oceania,56,1090
Oceania,10,1090
Oceania,129,1092
Oceania,27,1093
Oceania,43,1093
Oceania,21,1093
Oceania,144,1095
Oceania,6,1095
Oceania,119,1095
Oceania,161,1096
Oceania,138,1096
Oceania,56,1096
Oceania,150,1101
Oceania,52,1101
Oceania,10,1101
Oceania,397,1101
Oceania,135,1106
Oceania,126,1106
Oceania,64,1106
Oceania,199,1111
Oceania,218,1116
Oceania,456,1116
Oceania,30,1117
Oceania,296,1117
Oceania,435,1118
Oceania,384,1121
Oceania,32,1122
Oceania,579,1122
Oceania,14,1123
Oceania,561,1129
Oceania,199,1133
Oceania,302,1140
Oceania,406,1144
Oceania,149,1144
Oceania,377,1144
Oceania,152,1144
Oceania,440,1145
Oceania,393,1151
Oceania,32,1151
Oceania,263,1152
Oceania,221,1152
Oceania,28,1153
Oceania,516,1153
Oceania,125,1153
Oceania,188,1155
Oceania,259,1155
Oceania,186,1157
Oceania,219,1168
Oceania,179,1168
Oceania,39,1168
Oceania,411,1175
Oceania,250,1177
Oceania,39,1177
Oceania,24,1178
Oceania,442,1186
Oceania,15,1186
Oceania,285,1189
Oceania,89,1189
Oceania,227,1192
Oceania,46,1192
Oceania,112,1194
Oceania,121,1194
Oceania,18,1196
Oceania,142,1204
Oceania,105,1204
Oceania,78,1204
Oceania,38,1210
Oceania,31,1210
Oceania,372,1211
Oceania,28,1211
Oceania,31,1211
Oceania,14,1211
Oceania,471,1211
Oceania,427,1220
Oceania,523,1220
Oceania,252,1224
Oceania,491,1227
Oceania,12,1227
Oceania,14,1227
Oceania,10,1227
Oceania,531,1227
Oceania,444,1232
Oceania,296,1245
Oceania,14,1245
Oceania,39,1245
Oceania,18,1245
Oceania,297,1247
Oceania,73,1247
Oceania,202,1251
Oceania,86,1254
Oceania,418,1254
Oceania,16,1254
Oceania,127,1254
Oceania,122,1254
Oceania,43,1254
Oceania,63,1254
Oceania,313,1254
Oceania,56,1254
Oceania,122,1256
Oceania,170,1256
Oceania,145,1256
Oceania,130,1256
Oceania,245,1256
Oceania,96,1256
Oceania,65,1256
Oceania,104,1256
Oceania,140,1257
Oceania,108,1257
Oceania,139,1258
Oceania,252,1258
Oceania,112,1261
Oceania,134,1261
Oceania,297,1267
Oceania,193,1268
Oceania,226,1268
Oceania,206,1270
Oceania,379,1274
Oceania,322,1274
Oceania,254,1275
Oceania,327,1276
Oceania,300,1276
Oceania,285,1278
Oceania,355,1282
Oceania,319,1282
Oceania,472,1285
Oceania,458,1286
Oceania,414,1288
Oceania,580,1291
Oceania,385,1295
Oceania,674,1302
Oceania,1030,1309
Oceania,774,1315
Oceania,924,1318
Oceania,593,1320
Oceania,655,1325
Oceania,1001,1329
Oceania,765,1330
Oceania,88,1330
Oceania,1992,1345
Oceania,1577,1352
Oceania,1319,1358
Oceania,1163,1371
Oceania,1062,1395
Oceania,1290,1411
Oceania,1301,1433
Oceania,1190,1450
Oceania,639,1461
Oceania,963,1468
Oceania,791,1477
Oceania,1576,1491
Oceania,1045,1502
Oceania,1470,1516
Oceania,1729,1526
Oceania,1385,1533
Oceania,1594,1539
Oceania,865,1543
Oceania,1813,1560
Oceania,1854,1570
Oceania,1947,1586
Oceania,1764,1599
Oceania,1759,1614
Oceania,965,1619
Oceania,963,1623
Oceania,2438,1654
Oceania,1708,1676
Oceania,1897,1696
Oceania,1958,1706
Oceania,2431,1729
Oceania,758,1742
Oceania,525,1750
Oceania,3516,1800
Oceania,3441,1827
Oceania,3042,1848
Oceania,2936,1870
Oceania,2029,1895
Oceania,1130,1899
Oceania,1236,1907
Oceania,4218,1967
Oceania,2398,1995
Oceania,1438,2029
Oceania,1469,2057
Oceania,1407,2085
Oceania,1664,2091
Oceania,1806,2096
Oceania,1441,2147
Oceania,1780,2173
Oceania,1921,2198
Oceania,1982,2229
Oceania,2013,2253
Oceania,1890,2258
Oceania,1716,2261
Oceania,1615,2314
Oceania,1965,2336
Oceania,1992,2358
Oceania,2445,2378
Oceania,2293,2401
Oceania,1972,2411
Oceania,2184,2418
Oceania,2009,2449
Oceania,2310,2481
Oceania,2023,2496
Oceania,3124,2518
Oceania,2395,2562
Oceania,2313,2578
Oceania,1731,2589
Oceania,2093,2617
Oceania,2577,2636
Oceania,2580,2684
Oceania,3028,2715
Oceania,2072,2739
Oceania,2088,2766
Oceania,2008,2793
Oceania,2136,2821
Oceania,2380,2882
Oceania,3224,2915
Oceania,2716,2941
Oceania,2895,2975
Oceania,2473,3002
Oceania,2142,3024
Oceania,2952,3043
Oceania,2814,3078
Oceania,7729,3113
Oceania,3089,3146
Oceania,3437,3174
Oceania,2597,3190
Oceania,2826,3210
Oceania,1949,3227
Oceania,2654,3259
Oceania,3441,3315
Oceania,3195,3332
Oceania,2500,3346
Oceania,2297,3368
Oceania,2167,3384
Oceania,3190,3445
Oceania,2749,3468
Oceania,3172,3483
Oceania,3225,3519
Oceania,2725,3549
Oceania,2324,3564
Oceania,2719,3586
Oceania,2249,3595
Oceania,2375,3611
Oceania,2546,3641
Oceania,2466,3664
Oceania,2159,3701
Oceania,1367,3714
Oceania,2259,3727
Oceania,1418,3741
Oceania,1509,3769
Oceania,2758,3789
Oceania,1799,3803
Oceania,2138,3827
Oceania,1560,3837
Oceania,1660,3851
Oceania,1826,3867
Oceania,1504,3892
Oceania,2247,3902
Oceania,1752,3914
Oceania,1945,3933
Oceania,1558,3938
Oceania,1302,3955
Oceania,1347,3980
Oceania,1600,3990
Oceania,1803,4005
Oceania,1735,4016
Oceania,2274,4070
Oceania,1637,4077
Oceania,1839,4090
Oceania,1302,4153
Oceania,1858,4158
Oceania,1853,4176
Oceania,1984,4183
Oceania,1742,4189
Oceania,1413,4193
Oceania,1468,4199
Oceania,1338,4208
Oceania,1673,4214
Oceania,2804,4225
Oceania,1764,4241
Oceania,1863,4252
Oceania,1357,4260
Oceania,1569,4268
Oceania,1605,4277
Oceania,1949,4307
Oceania,1822,4318
Oceania,1876,4320
Oceania,1949,4336
Oceania,1646,4340
Oceania,2037,4356
Oceania,2113,4363
Oceania,2921,4368
Oceania,3534,4377
Oceania,3920,4385
Oceania,4147,4395
Oceania,3921,4399
Oceania,4101,4400
Oceania,4613,4408
Oceania,5616,4416
Oceania,8545,4427
Oceania,8340,4436
Oceania,10015,4442
Oceania,9595,4444
Oceania,9928,4454
Oceania,12082,4461
Oceania,17734,4470
Oceania,21867,4485
Oceania,33893,4500
Oceania,30363,4514
Oceania,38413,4520
Oceania,29692,4530
Oceania,45696,4536
Oceania,71764,4556
Oceania,76176,4570
Oceania,78495,4590
Oceania,98167,4606
Oceania,113663,4640
Oceania,72925,4663
Oceania,94514,4696
Oceania,84803,4750
Oceania,176088,4814
Oceania,128384,4864
Oceania,86666,4914
Oceania,113862,4975
Oceania,59973,4994
Oceania,85247,5092
Oceania,85220,5162
Oceania,68819,5215
Oceania,64434,5303
Oceania,44204,5384
Oceania,67641,5462
Oceania,32428,5490
Oceania,60247,5584
Oceania,54254,5656
Oceania,52307,5759
Oceania,67582,5849
Oceania,67849,6011
Oceania,47475,6097
Oceania,37021,6139
Oceania,3289,6221
Oceania,42911,6295
Oceania,27477,6388
Oceania,35013,6480
Oceania,29383,6563
Oceania,24138,6613
Oceania,25679,6661
Oceania,31858,6729
Oceania,35511,6800
Oceania,15943,6856
Oceania,33656,6936
Oceania,26544,7010
Oceania,26015,7060
Oceania,14437,7077
Oceania,38534,7144
Oceania,27746,7215
Oceania,5011,7313
Oceania,27132,7357
Oceania,28722,7403
Oceania,19849,7440
Oceania,20894,7484
Oceania,31922,7524
Oceania,28737,7585
Oceania,39531,7636
Oceania,41320,7677
Oceania,34580,7720
Oceania,17714,7747
Oceania,36632,7784
Oceania,60973,7828
Oceania,47742,7897
Oceania,64035,7945
Oceania,49606,7989
Oceania,42445,8038
Oceania,33389,8056
Oceania,39821,8100
Oceania,71223,8144
Oceania,53856,8178
Oceania,38010,8203
Oceania,53598,8233
Oceania,74981,8255
Oceania,48269,8273
Oceania,42849,8340
Oceania,51281,8367
Oceania,55448,8395
Oceania,96701,8419
Oceania,64827,8451
Oceania,66011,8482
Oceania,53018,8485
Oceania,58507,8589
Oceania,75126,8617
Oceania,79020,8642
Oceania,78536,8673
Oceania,84858,8710
Oceania,64646,8736
Oceania,57824,8754
Oceania,64878,8854
Oceania,73956,8884
Oceania,82373,8917
Oceania,77379,8956
Oceania,79745,8971
Oceania,67936,9329
Oceania,57766,9350
Oceania,51524,9428
Oceania,70810,9470
Oceania,89318,9508
Oceania,75163,9542
Oceania,61679,9575
Oceania,68386,9599
Oceania,45983,9612
Oceania,57057,9705
Oceania,58350,9745
Oceania,63684,9798
Oceania,64708,9888
Oceania,54683,9906
Oceania,43760,9935
Oceania,45607,9959
Oceania,39925,10038
Oceania,42094,10055
Oceania,70923,10097
Oceania,65309,10143
Oceania,59726,10191
Oceania,46004,10235
Oceania,41022,10240
Oceania,39624,10314
Oceania,45962,10363
Oceania,52031,10427
Oceania,60272,10479
Oceania,51257,10502
Oceania,46370,10555
Oceania,31342,10569
Oceania,47058,10624
Oceania,47504,10690
Oceania,51828,10736
Oceania,67439,10805
Oceania,48942,10839
Oceania,43254,10881
Oceania,44534,10895
Oceania,47432,10955
Oceania,57903,11000
Oceania,66994,11059
Oceania,67464,11112
Oceania,55276,11162
Oceania,59171,11215
Oceania,47620,11240
Oceania,53461,11300
Oceania,77952,11365
Oceania,66740,11419
Oceania,63955,11470
Oceania,58175,11521
Oceania,53626,11570
Oceania,43676,11591
Oceania,40154,11611
Oceania,51482,11720
Oceania,54914,11761
Oceania,53969,11878
Oceania,46918,11911
Oceania,39231,11976
Oceania,32100,12004
Oceania,31898,12059
Oceania,42799,12116
Oceania,44369,12150
Oceania,45225,12196
Oceania,38596,12257
Oceania,34297,12318
Oceania,24600,12345
Oceania,23445,12420
Oceania,38596,12451
Oceania,40895,12509
Oceania,40919,12574
Oceania,36120,12615
Oceania,31404,12680
Oceania,21185,12705
Oceania,25505,12765
Oceania,32438,12797
Oceania,37180,12854
Oceania,38429,12926
Oceania,34948,12977
Oceania,30003,13044
Oceania,25950,13084
Oceania,28674,13152
Oceania,35627,13210
Oceania,39363,13272
Oceania,38040,13328
Oceania,26229,13373
Oceania,42369,13425
Oceania,26045,13452
Oceania,33125,13535
Oceania,40431,13588
Oceania,33393,13643
Oceania,57612,13727
Oceania,41416,13761
Oceania,37218,13815
Oceania,35574,13846
Oceania,37078,13946
Oceania,46874,13991
Oceania,44664,14036
Oceania,71903,14097
Oceania,51721,14131
Oceania,43663,14204
Oceania,42526,14220
Oceania,37206,14356
Oceania,57063,14417
Oceania,57708,14476
Oceania,58937,14549
Oceania,49892,14612
Oceania,52463,14693
Oceania,45399,14723
Oceania,45841,14855
Oceania,63142,14935
Oceania,60961,15025
Oceania,65710,15109
Oceania,61360,15169
Oceania,54799,15275
Oceania,43917,15313
Oceania,41092,15371
Oceania,50210,15487
Oceania,52111,15573
Oceania,48232,15702
Oceania,79794,15884
Oceania,57615,16042
Oceania,36307,16084
Oceania,33116,16103
Oceania,44990,16259
Oceania,53134,16360
Oceania,45108,16460
Oceania,38173,16572
Oceania,33757,16675
Oceania,26134,16707
Oceania,22653,16725
Oceania,35103,16879
Oceania,31814,17018
Oceania,25492,17098
Oceania,35511,17229
Oceania,23033,17328
Oceania,18884,17370
Oceania,19668,17394
Oceania,25185,17494
Oceania,29305,17582
Oceania,27081,17727
Oceania,22685,17814
Oceania,19347,17921
Oceania,12193,17957
Oceania,13274,17966
Oceania,17271,18072
Oceania,18809,18137
Oceania,17811,18155
Oceania,19696,18289
Oceania,14245,18381
Oceania,10647,18396
Oceania,10433,18407
Oceania,15226,18497
Oceania,15377,18577
Oceania,14091,18653
Oceania,12072,18694
Oceania,11599,18753
Oceania,7036,18767
Oceania,7558,18777
Oceania,13580,18863
Oceania,14006,18938
Oceania,10291,19001
Oceania,9461,19088
Oceania,2061,19156
Oceania,4104,19161
Oceania,5622,19167
Oceania,4307,19205
Oceania,1979,19207
Oceania,161,19207
Oceania,28264,19374
Oceania,6765,19499
Oceania,1144,19509
Oceania,1168,19513
Oceania,9216,19543
Oceania,1621,19548
Oceania,1593,19581
Oceania,35505,19685
Oceania,2022,19686
Oceania,15,19686
Oceania,2404,19689
Oceania,11643,19769
Oceania,1641,19782
Oceania,2403,19803
Oceania,29230,19994
Oceania,1231,20044
Oceania,978,20044
Oceania,11073,20052
Oceania,5145,20061
Oceania,1536,20067
Oceania,3098,20082
Oceania,31919,20176
Oceania,2517,20218
Oceania,840,20218
Oceania,12216,20235
Oceania,1336,20249
Oceania,2242,20257
Oceania,1239,20267
Oceania,26907,20314
Oceania,3705,20348
Oceania,621,20348
Oceania,15088,20358
Oceania,1152,20370
Oceania,1220,20373
Oceania,1128,20379
Oceania,27231,20413
Oceania,835,20452
Oceania,949,20452
Oceania,920,20452
Oceania,17856,20493
Oceania,1610,20499
Oceania,1955,20502
Oceania,16354,20549
Oceania,10840,20573
Oceania,1182,20573
Oceania,21591,20584
Oceania,1726,20589
Oceania,1683,20589
Oceania,1939,20602
Oceania,19780,20645
Oceania,14560,20710
Oceania,1853,20710
Oceania,22641,20723
Oceania,2808,20732
Oceania,3383,20748
Oceania,3582,20757
Oceania,28975,20795
Oceania,13176,20813
Oceania,7114,20810
Oceania,27218,20845
Oceania,3270,20856
Oceania,3908,20866
Oceania,3664,20874
Oceania,59408,20951
Oceania,5346,20952
Oceania,2520,20952
Oceania,26604,20980
Oceania,4178,21007
Oceania,4600,21014
Oceania,4001,21026
Oceania,55646,21075
Oceania,15850,21103
Oceania,3427,21103
Oceania,30198,21133
Oceania,4331,21152
Oceania,2598,21157
Oceania,4765,21170
Oceania,82428,21236
Oceania,6168,21277
Oceania,3181,21277
Oceania,37613,21300
Oceania,5096,21320
Oceania,5325,21340
Oceania,4652,21360
Oceania,82683,21494
Oceania,6674,21518
Oceania,2688,21518
Oceania,42944,21540
Oceania,4502,21561
Oceania,4963,21573
Oceania,4351,21593
Oceania,75768,21732
Oceania,19018,21773
Oceania,10,21773
Oceania,48517,21804
Oceania,3939,21824
Oceania,4856,21846
Oceania,3975,21868
Oceania,81172,22028
Oceania,7004,22055
Oceania,2268,22055
Oceania,1621,22055
Oceania,1890,22055
Oceania,34130,22098
Oceania,2755,22122
Oceania,39993,22185
Oceania,5076,22210
Oceania,1442,22210
Oceania,1274,22210
Oceania,51,22210
Oceania,25338,22240
Oceania,1677,22270
Oceania,54125,22445
Oceania,15430,22464
Oceania,14,22464
Oceania,25033,22542
Oceania,1275,22571
Oceania,2657,22606
Oceania,1438,22637
Oceania,28336,22908
Oceania,6750,22939
Oceania,3,22939
Oceania,19185,22983
Oceania,11,22984
Oceania,3,22984
Oceania,63,22984
Oceania,18062,23295
Oceania,8906,23365
Oceania,452,23365
Oceania,0,23365
Oceania,13867,23396
Oceania,4,23396
Oceania,119,23396
Oceania,18479,23900
Oceania,2721,23919
Oceania,62,23919
Oceania,10567,23928
Oceania,112,23928
Oceania,87,23929
Oceania,31,23929
Oceania,17705,24142
Oceania,65,24142
Oceania,0,24142
Oceania,0,24142
Oceania,8884,24167
Oceania,0,24167
Oceania,0,24167
Portugal,NA,NA
Portugal,2,NA
Portugal,0,NA
Portugal,3,NA
Portugal,3,NA
Portugal,5,NA
Portugal,7,NA
Portugal,10,NA
Portugal,0,NA
Portugal,11,NA
Portugal,18,NA
Portugal,0,NA
Portugal,53,NA
Portugal,57,NA
Portugal,76,NA
Portugal,86,NA
Portugal,117,1
Portugal,0,2
Portugal,337,3
Portugal,235,6
Portugal,260,12
Portugal,320,14
Portugal,460,23
Portugal,302,33
Portugal,633,43
Portugal,549,60
Portugal,724,76
Portugal,902,100
Portugal,792,119
Portugal,446,140
Portugal,1035,160
Portugal,808,187
Portugal,783,209
Portugal,852,246
Portugal,638,266
Portugal,754,295
Portugal,452,311
Portugal,712,345
Portugal,699,380
Portugal,815,409
Portugal,1516,435
Portugal,515,470
Portugal,598,504
Portugal,349,535
Portugal,514,567
Portugal,643,599
Portugal,750,629
Portugal,181,657
Portugal,663,687
Portugal,521,714
Portugal,657,735
Portugal,516,762
Portugal,603,785
Portugal,371,820
Portugal,444,854
Portugal,595,880
Portugal,472,903
Portugal,163,928
Portugal,295,948
Portugal,183,973
Portugal,540,989
Portugal,306,1007
Portugal,NA,1023
Portugal,92,1043
Portugal,242,1063
Portugal,178,1074
Portugal,480,1089
Portugal,533,1105
Portugal,553,1114
Portugal,138,1126
Portugal,175,1135
Portugal,98,1144
Portugal,234,1163
Portugal,219,1175
Portugal,187,1184
Portugal,264,1190
Portugal,227,1203
Portugal,226,1218
Portugal,173,1231
Portugal,223,1247
Portugal,228,1263
Portugal,252,1277
Portugal,288,1289
Portugal,271,1302
Portugal,152,1316
Portugal,165,1330
Portugal,219,1342
Portugal,285,1356
Portugal,304,1369
Portugal,350,1383
Portugal,257,1396
Portugal,297,1410
Portugal,200,1424
Portugal,195,1436
Portugal,366,1447
Portugal,331,1455
Portugal,377,1465
Portugal,382,1474
Portugal,342,1479
Portugal,192,1485
Portugal,421,1492
Portugal,294,1497
Portugal,310,1504
Portugal,270,1505
Portugal,283,1512
Portugal,227,1517
Portugal,346,1520
Portugal,300,1522
Portugal,336,1523
Portugal,417,1524
Portugal,375,1527
Portugal,377,1528
Portugal,292,1530
Portugal,259,1534
Portugal,345,1540
Portugal,367,1543
Portugal,311,1549
Portugal,451,1555
Portugal,323,1561
Portugal,457,1564
Portugal,266,1568
Portugal,229,1576
Portugal,313,1579
Portugal,328,1587
Portugal,374,1598
Portugal,413,1605
Portugal,328,1614
Portugal,232,1620
Portugal,287,1629
Portugal,443,1631
Portugal,418,1644
Portugal,402,1646
Portugal,542,1654
Portugal,291,1660
Portugal,306,1662
Portugal,233,1668
Portugal,375,1676
Portugal,339,1679
Portugal,312,1682
Portugal,313,1684
Portugal,246,1689
Portugal,135,1691
Portugal,127,1697
Portugal,252,1702
Portugal,229,1705
Portugal,313,1712
Portugal,263,1716
Portugal,209,1717
Portugal,135,1719
Portugal,111,1722
Portugal,203,1725
Portugal,255,1727
Portugal,204,1735
Portugal,238,1737
Portugal,153,1738
Portugal,106,1738
Portugal,112,1739
Portugal,167,1740
Portugal,213,1743
Portugal,290,1746
Portugal,186,1750
Portugal,131,1756
Portugal,157,1759
Portugal,120,1761
Portugal,278,1764
Portugal,325,1770
Portugal,235,1772
Portugal,198,1775
Portugal,121,1778
Portugal,132,1779
Portugal,214,1784
Portugal,253,1786
Portugal,291,1788
Portugal,219,1792
Portugal,241,1794
Portugal,145,1796
Portugal,123,1801
Portugal,192,1805
Portugal,362,1807
Portugal,399,1809
Portugal,401,1815
Portugal,374,1818
Portugal,320,1819
Portugal,244,1822
Portugal,231,1824
Portugal,390,1827
Portugal,418,1829
Portugal,406,1833
Portugal,486,1838
Portugal,315,1840
Portugal,249,1843
Portugal,388,1846
Portugal,646,1849
Portugal,585,1852
Portugal,687,1855
Portugal,497,1860
Portugal,673,1867
Portugal,613,1871
Portugal,425,1875
Portugal,605,1878
Portugal,770,1888
Portugal,780,1894
Portugal,849,1899
Portugal,552,1912
Portugal,623,1920
Portugal,463,1925
Portugal,802,1928
Portugal,691,1931
Portugal,899,1936
Portugal,884,1944
Portugal,665,1953
Portugal,425,1957
Portugal,688,1963
Portugal,825,1971
Portugal,854,1977
Portugal,888,1983
Portugal,963,1995
Portugal,904,2005
Portugal,734,2018
Portugal,427,2032
Portugal,944,2040
Portugal,1278,2050
Portugal,1394,2062
Portugal,1646,2067
Portugal,1090,2080
Portugal,1249,2094
Portugal,1208,2110
Portugal,2072,2117
Portugal,2101,2128
Portugal,2608,2149
Portugal,2153,2162
Portugal,1856,2181
Portugal,1949,2198
Portugal,1876,2213
Portugal,2535,2229
Portugal,3270,2245
Portugal,2899,2276
Portugal,3669,2297
Portugal,2577,2316
Portugal,2447,2343
Portugal,3299,2371
Portugal,3960,2395
Portugal,4224,2428
Portugal,4656,2468
Portugal,4007,2507
Portugal,3062,2544
Portugal,2506,2590
Portugal,2596,2635
Portugal,7497,2694
Portugal,4410,2740
Portugal,5550,2792
Portugal,6640,2848
Portugal,5784,2896
Portugal,4096,2959
Portugal,3817,3021
Portugal,4935,3103
Portugal,5839,3181
Portugal,6653,3250
Portugal,6602,3305
Portugal,6035,3381
Portugal,8371,3472
Portugal,4452,3553
Portugal,5891,3632
Portugal,6994,3701
Portugal,6489,3762
Portugal,6472,3824
Portugal,4788,3897
Portugal,4044,3971
Portugal,3919,4056
Portugal,5290,4127
Portugal,6383,4209
Portugal,5444,4276
Portugal,4868,4363
Portugal,4093,4427
Portugal,3262,4505
Portugal,2401,4577
Portugal,3384,4645
Portugal,3772,4724
Portugal,4935,4803
Portugal,6087,4876
Portugal,3834,4963
Portugal,2597,5041
Portugal,2905,5122
Portugal,4097,5192
Portugal,3134,5278
Portugal,5080,5373
Portugal,4413,5461
Portugal,4044,5559
Portugal,2194,5649
Portugal,2638,5733
Portugal,4720,5815
Portugal,4320,5902
Portugal,4336,5977
Portugal,3835,6063
Portugal,3334,6134
Portugal,2099,6191
Portugal,2436,6254
Portugal,4602,6343
Portugal,4378,6413
Portugal,4146,6478
Portugal,1214,6556
Portugal,1577,6619
Portugal,2093,6677
Portugal,3336,6751
Portugal,6049,6830
Portugal,7627,6906
Portugal,6951,6972
Portugal,3241,7045
Portugal,3384,7118
Portugal,4369,7196
Portugal,4956,7286
Portugal,10027,7377
Portugal,9927,7472
Portugal,10176,7590
Portugal,9478,7701
Portugal,7502,7803
Portugal,5604,7925
Portugal,7259,8080
Portugal,10556,8236
Portugal,10698,8384
Portugal,10663,8543
Portugal,10947,8709
Portugal,10385,8861
Portugal,6702,9028
Portugal,10455,9246
Portugal,14647,9465
Portugal,13544,9686
Portugal,13987,9920
Portugal,15333,10194
Portugal,11721,10469
Portugal,6923,10721
Portugal,10765,11012
Portugal,15073,11305
Portugal,16432,11608
Portugal,13200,11886
Portugal,12435,12179
Portugal,9498,12482
Portugal,5805,12757
Portugal,5540,13017
Portugal,9083,13257
Portugal,7914,13482
Portugal,6916,13740
Portugal,6132,13954
Portugal,3508,14158
Portugal,2505,14354
Portugal,2583,14557
Portugal,4387,14718
Portugal,3480,14885
Portugal,2854,15034
Portugal,2856,15183
Portugal,1677,15321
Portugal,1303,15411
Portugal,1502,15522
Portugal,2324,15649
Portugal,1944,15754
Portugal,1940,15821
Portugal,1570,15897
Portugal,1186,15962
Portugal,549,16023
Portugal,1032,16086
Portugal,1480,16136
Portugal,1160,16185
Portugal,1027,16243
Portugal,1071,16276
Portugal,718,16317
Portugal,394,16351
Portugal,691,16389
Portugal,979,16430
Portugal,830,16458
Portugal,949,16486
Portugal,1007,16512
Portugal,682,16540
Portugal,365,16565
Portugal,847,16595
Portugal,642,16617
Portugal,627,16635
Portugal,577,16650
Portugal,564,16669
Portugal,541,16684
Portugal,256,16694
Portugal,384,16707
Portugal,673,16722
Portugal,485,16743
Portugal,568,16754
Portugal,457,16762
Portugal,450,16768
Portugal,248,16784
Portugal,434,16794
Portugal,575,16805
Portugal,423,16814
Portugal,488,16819
Portugal,344,16827
Portugal,365,16837
Portugal,309,16843
Portugal,388,16845
Portugal,618,16848
Portugal,592,16859
Portugal,548,16868
Portugal,280,16875
Portugal,193,16879
Portugal,159,16885
Portugal,874,16887
Portugal,663,16890
Portugal,602,16899
Portugal,694,16904
Portugal,601,16910
Portugal,566,16916
Portugal,271,16918
Portugal,408,16923
Portugal,684,16931
Portugal,501,16933
Portugal,553,16937
Portugal,649,16942
Portugal,441,16945
Portugal,220,16946
Portugal,424,16951
Portugal,610,16952
Portugal,636,16956
Portugal,506,16957
Portugal,567,16959
Portugal,478,16965
Portugal,196,16965
Portugal,353,16970
Portugal,572,16973
Portugal,470,16974
Portugal,460,16974
Portugal,454,16976
Portugal,330,16977
Portugal,180,16977
Portugal,258,16981
Portugal,387,16983
Portugal,373,16988
Portugal,377,16989
Portugal,406,16991
Portugal,324,16992
Portugal,158,16993
Portugal,268,16994
Portugal,485,16998
Portugal,436,16999
Portugal,450,16999
Portugal,469,17006
Portugal,334,17007
Portugal,199,17009
Portugal,386,17011
Portugal,511,17013
Portugal,451,17014
Portugal,559,17017
Portugal,523,17017
Portugal,413,17017
Portugal,241,17018
Portugal,375,17021
Portugal,594,17022
Portugal,572,17022
Portugal,598,17023
Portugal,609,17023
Portugal,445,17023
Portugal,435,17025
Portugal,445,17025
Portugal,724,17026
Portugal,769,17029
Portugal,430,17029
Portugal,573,17032
Portugal,612,17034
Portugal,388,17036
Portugal,598,17037
Portugal,890,17037
Portugal,910,17043
Portugal,519,17044
Portugal,789,17045
Portugal,707,17047
Portugal,625,17047
Portugal,973,17049
Portugal,1350,17055
Portugal,1233,17057
Portugal,1298,17061
Portugal,1183,17062
Portugal,941,17065
Portugal,756,17068
Portugal,1020,17074
Portugal,1497,17077
Portugal,1556,17079
Portugal,1604,17081
Portugal,1568,17083
Portugal,1496,17084
Portugal,902,17086
Portugal,1746,17092
Portugal,2362,17096
Portugal,2449,17101
Portugal,2436,17108
Portugal,2605,17112
Portugal,2041,17112
Portugal,1483,17117
Portugal,2170,17118
Portugal,3285,17126
Portugal,3269,17135
Portugal,3194,17142
Portugal,3162,17148
Portugal,2323,17156
Portugal,1782,17164
Portugal,2650,17173
Portugal,4153,17182
Portugal,3641,17187
Portugal,3547,17194
Portugal,3677,17199
Portugal,3261,17207
Portugal,1855,17215
Portugal,2706,17219
Portugal,4376,17232
Portugal,3622,17248
Portugal,3794,17264
Portugal,3396,17284
Portugal,2625,17292
Portugal,1610,17301
Portugal,2316,17307
Portugal,3452,17320
Portugal,3009,17330
Portugal,2595,17344
Portugal,2590,17361
Portugal,2306,17369
Portugal,1190,17378
Portugal,2076,17397
Portugal,3203,17412
Portugal,2581,17422
Portugal,2377,17440
Portugal,2621,17457
Portugal,1982,17467
Portugal,1094,17485
Portugal,2232,17502
Portugal,2948,17514
Portugal,2708,17525
Portugal,2598,17537
Portugal,2571,17549
Portugal,2217,17562
Portugal,1135,17573
Portugal,2118,17584
Portugal,2983,17601
Portugal,2554,17613
Portugal,2507,17622
Portugal,2676,17630
Portugal,2112,17639
Portugal,1126,17645
Portugal,2261,17658
Portugal,3062,17674
Portugal,2552,17689
Portugal,2370,17703
Portugal,2374,17711
Portugal,1782,17721
Portugal,1072,17730
Portugal,1908,17743
Portugal,1565,17757
Portugal,2830,17766
Portugal,1822,17772
Portugal,1713,17785
Portugal,1190,17798
Portugal,663,17810
Portugal,1231,17816
Portugal,1778,17826
Portugal,1408,17836
Portugal,1323,17843
Portugal,1223,17853
Portugal,911,17861
Portugal,458,17866
Portugal,1058,17872
Portugal,1247,17882
Portugal,1062,17888
Portugal,1023,17895
Portugal,939,17902
Portugal,677,17907
Portugal,272,17914
Portugal,780,17925
Portugal,891,17933
Portugal,885,17938
Portugal,757,17947
Portugal,713,17952
Portugal,599,17954
Portugal,230,17955
Portugal,600,17962
Portugal,755,17968
Portugal,749,17975
Portugal,696,17979
Portugal,690,17986
Portugal,449,17993
Portugal,193,18000
Portugal,730,18004
Portugal,500,18008
Portugal,731,18019
Portugal,841,18027
Portugal,704,18034
Portugal,499,18041
Portugal,327,18048
Portugal,719,18056
Portugal,828,18065
Portugal,777,18071
Portugal,766,18078
Portugal,612,18088
Portugal,465,18097
Portugal,291,18100
Portugal,832,18106
Portugal,927,18109
Portugal,865,18117
Portugal,930,18125
Portugal,883,18129
Portugal,604,18133
Portugal,313,18138
Portugal,829,18141
Portugal,965,18144
Portugal,888,18149
Portugal,844,18153
Portugal,911,18156
Portugal,763,18157
Portugal,491,18162
Portugal,450,18171
Portugal,1074,18180
Portugal,1382,18184
Portugal,1289,18193
Portugal,1197,18198
Portugal,1023,18203
Portugal,568,18209
Portugal,1182,18217
Portugal,1654,18222
Portugal,1477,18231
Portugal,1751,18234
Portugal,1816,18242
Portugal,1483,18257
Portugal,974,18265
Portugal,1693,18274
Portugal,2527,18283
Portugal,2398,18295
Portugal,2371,18300
Portugal,2333,18310
Portugal,2499,18321
Portugal,1475,18339
Portugal,2560,18353
Portugal,3773,18370
Portugal,3150,18385
Portugal,3205,18393
Portugal,3364,18405
Portugal,2897,18417
Portugal,1635,18430
Portugal,2907,18441
Portugal,4670,18458
Portugal,2898,18471
Portugal,2535,18492
Portugal,5649,18514
Portugal,3786,18537
Portugal,2216,18551
Portugal,3417,18572
Portugal,5286,18587
Portugal,3588,18610
Portugal,3742,18626
Portugal,5373,18645
Portugal,3879,18658
Portugal,2314,18673
Portugal,3591,18687
Portugal,5800,18698
Portugal,5137,18717
Portugal,4644,18741
Portugal,5062,18753
Portugal,4266,18778
Portugal,2752,18796
Portugal,5754,18812
Portugal,8937,18823
Portugal,10549,18840
Portugal,12943,18851
Portugal,10016,18861
Portugal,3732,18874
Portugal,6334,18890
Portugal,17172,18909
Portugal,26867,18921
Portugal,28659,18937
Portugal,30829,18955
Portugal,23290,18976
Portugal,11080,18990
Portugal,10554,19000
Portugal,25836,19015
Portugal,39570,19029
Portugal,39074,19054
Portugal,38734,19071
Portugal,35643,19091
Portugal,26419,19113
Portugal,20212,19133
Portugal,33340,19161
Portugal,40945,19181
Portugal,40134,19203
Portugal,40090,19237
Portugal,38136,19270
Portugal,32271,19303
Portugal,21917,19334
Portugal,43729,19380
Portugal,52549,19413
Portugal,56426,19447
Portugal,58530,19496
Portugal,58131,19539
Portugal,45569,19569
Portugal,32758,19613
Portugal,57657,19661
Portugal,65578,19703
Portugal,65706,19744
Portugal,63833,19788
Portugal,59194,19827
Portugal,45335,19856
Portugal,77281,19905
Portugal,28971,19968
Portugal,53704,20024
Portugal,57505,20077
Portugal,53312,20127
Portugal,50021,20171
Portugal,44091,20222
Portugal,32946,20258
Portugal,17909,20302
Portugal,32851,20354
Portugal,36231,20401
Portugal,29587,20442
Portugal,25804,20492
Portugal,20862,20530
Portugal,16930,20565
Portugal,8888,20620
Portugal,19436,20666
Portugal,21355,20708
Portugal,17803,20759
Portugal,16745,20796
Portugal,15160,20831
Portugal,10059,20866
Portugal,6147,20894
Portugal,14303,20922
Portugal,19438,20941
Portugal,12655,20973
Portugal,11493,21001
Portugal,10563,21039
Portugal,7666,21063
Portugal,4345,21086
Portugal,11812,21111
Portugal,10468,21141
Portugal,13085,21162
Portugal,15691,21182
Portugal,15141,21199
Portugal,10639,21216
Portugal,5926,21248
Portugal,16205,21267
Portugal,15635,21285
Portugal,13692,21285
Portugal,13367,21285
Portugal,12933,21285
Portugal,9023,21342
Portugal,4908,21342
Portugal,14748,21342
Portugal,15284,21342
Portugal,13648,21408
Portugal,12754,21408
Portugal,11974,21408
Portugal,8555,21408
Portugal,4445,21408
Portugal,14692,21408
Portugal,14979,21408
Portugal,12861,21545
Portugal,11374,21545
Portugal,11879,21545
Portugal,7677,21545
Portugal,3991,21545
Portugal,12710,21545
Portugal,12876,21695
Portugal,11677,21716
Portugal,11071,21716
Portugal,9818,21716
Portugal,6740,21733
Portugal,3467,21789
Portugal,10884,21813
Portugal,11280,21827
Portugal,10075,21874
Portugal,10322,21874
Portugal,9852,21874
Portugal,7229,21935
Portugal,3732,21958
Portugal,12185,21970
Portugal,12545,21993
Portugal,11550,21993
Portugal,11763,21993
Portugal,5123,21993
Portugal,7648,21993
Portugal,3277,22088
Portugal,13070,22106
Portugal,14205,22127
Portugal,11598,22148
Portugal,11672,22162
Portugal,9613,22162
Portugal,6944,22162
Portugal,3725,22162
Portugal,4782,22226
Portugal,14346,22248
Portugal,14528,22280
Portugal,14044,22280
Portugal,13594,22280
Portugal,9005,22280
Portugal,4718,22337
Portugal,13605,22355
Portugal,16583,22381
Portugal,15655,22397
Portugal,17595,22420
Portugal,17264,22420
Portugal,13538,22420
Portugal,7336,22472
Portugal,22941,22500
Portugal,27659,22528
Portugal,27976,22528
Portugal,29755,22583
Portugal,24406,22583
Portugal,19260,22583
Portugal,9101,22665
Portugal,38573,22665
Portugal,34424,22722
Portugal,31861,22754
Portugal,0,22754
Portugal,0,22754
Portugal,30761,22784
Portugal,55523,22885
Portugal,35500,22926
Portugal,0,22926
Portugal,61734,22981
Portugal,0,22981
Portugal,0,22981
Portugal,26049,23014
Portugal,50918,23115
Portugal,34225,23150
Portugal,31894,23190
Portugal,26392,23243
Portugal,0,23243
Portugal,0,23243
Portugal,0,23243
Portugal,70701,23411
Portugal,48752,23488
Portugal,0,23489
Portugal,22145,23531
Portugal,0,23531
Portugal,0,23531
Portugal,0,23531
Portugal,68615,23707
Portugal,20041,23746
Portugal,0,23746
Portugal,0,23746
Portugal,0,23746
Portugal,0,23746
Portugal,56769,23924
Portugal,18035,23946
Portugal,15372,23967
Portugal,13453,23995
Portugal,11558,24013
Portugal,0,24013
Portugal,0,24013
Portugal,17689,24061
Portugal,15637,24082
Portugal,6565,24121
Portugal,10375,24149
Portugal,0,24149
Portugal,0,24149
Portugal,0,24149
Portugal,0,24149
Portugal,43465,24236
Portugal,10504,24253
Portugal,9395,24273
Portugal,7521,24291
Portugal,0,24291
Portugal,0,24291
Portugal,15415,24346
Portugal,8918,24359
Portugal,7391,24369
Portugal,0,24381
Portugal,0,24381
Portugal,0,24381
Portugal,0,24381
Portugal,20470,24474
Portugal,6974,24487
Portugal,5852,24503
Portugal,5412,24513
Portugal,4451,24528
Portugal,0,24528
Portugal,0,24528
Portugal,6721,24555
Portugal,5607,24564
Portugal,4324,24576
Portugal,3465,24587
Portugal,3491,24592
Portugal,0,24592
Portugal,0,24592
Portugal,4531,24623
Portugal,4075,24635
Portugal,3885,24645
Portugal,3182,24656
Portugal,3339,24664
Portugal,0,24664
Portugal,0,24664
Portugal,0,24670
Portugal,7771,24707
Portugal,3205,24714
Portugal,2879,24721
Portugal,2954,24722
Portugal,0,24722
Portugal,0,24722
Portugal,0,24726
Portugal,5166,24754
Portugal,4103,24762
Portugal,3056,24764
Portugal,2989,24772
Portugal,0,24772
Portugal,0,24772
Portugal,0,24775
Portugal,8110,24797
Portugal,0,24797
Portugal,6238,24810
Portugal,3090,24813
Portugal,0,24813
Portugal,0,24813
Portugal,3988,24839
Portugal,3928,24845
Portugal,3039,24855
Portugal,0,24857
Portugal,5751,24865
Portugal,0,24865
Portugal,0,24865
Portugal,3449,24886
Portugal,3733,24893
Portugal,2709,24899
Portugal,2569,24905
Portugal,2602,24909
Portugal,0,24909
Portugal,0,24909
Portugal,4040,24924
Portugal,3720,24931
Portugal,3085,24942
Portugal,2203,24947
Portugal,2777,24951
Portugal,0,24951
Portugal,0,24951
Portugal,5110,24966
Portugal,4361,24970
Portugal,3559,24972
Portugal,3149,24984
Portugal,3102,24991
Portugal,0,24991
Portugal,0,24991
Portugal,4805,25008
Portugal,805,25012
Portugal,3277,25017
Portugal,5693,25024
Portugal,2901,25031
Portugal,0,25031
Portugal,0,25031
Portugal,4586,25058
Portugal,1343,25063
Portugal,1144,25070
Portugal,490,25075
Portugal,0,25075
Portugal,0,25075
Portugal,0,25075
Portugal,1105,25087
Portugal,3446,25106
Portugal,1334,25114
Portugal,1243,25119
Portugal,1193,25125
Portugal,0,25125
Portugal,0,25125
Portugal,0,25125
Portugal,0,25128
Portugal,0,25128
Portugal,0,25128
Portugal,0,25128
Portugal,0,25128
Portugal,0,25128
Portugal,0,25128
Portugal,7637,25203
Portugal,1094,25209
Portugal,0,25209
Portugal,0,25209
Portugal,0,25209
Portugal,2576,25228
Portugal,0,25228
Portugal,0,25228
Portugal,0,25228
Portugal,0,25228
Portugal,0,25228
Portugal,0,25228
Portugal,4728,25290
Portugal,1802,25312
Portugal,0,25312
Portugal,1104,25319
Portugal,0,25319
Portugal,0,25319
Portugal,2807,25339
Portugal,0,25339
Portugal,1792,25365
Portugal,0,25365
Portugal,0,25365
Portugal,0,25365
Portugal,4144,25395
Portugal,0,25395
Portugal,0,25395
Portugal,0,25395
Portugal,0,25395
Portugal,0,25395
Portugal,0,25395
Portugal,5157,25450
Portugal,0,25450
Portugal,0,25450
Portugal,0,25450
Portugal,0,25450
Portugal,0,25450
Portugal,0,25450
Portugal,4025,25517
Portugal,0,25517
Portugal,0,25517
Portugal,0,25517
Portugal,0,25517
Portugal,0,25517
Portugal,3189,25584
Portugal,0,25584
Portugal,0,25584
Portugal,0,25584
Portugal,0,25584
Portugal,0,25584
Portugal,1885,25643
Portugal,0,25643
Portugal,0,25643
Portugal,0,25643
Portugal,0,25643
Portugal,0,25643
Portugal,1887,25693
Portugal,0,25693
Portugal,807,25714
Portugal,0,25714
Portugal,0,25714
Portugal,0,25714
Portugal,0,25714
Portugal,0,25714
Portugal,0,25714
Portugal,0,25714
Portugal,0,25714
Portugal,0,25714
Portugal,0,25714
Portugal,0,25714
Portugal,3883,25805
Portugal,0,25805
Portugal,0,25805
Portugal,0,25805
Portugal,0,25805
Portugal,0,25805
Portugal,0,25805
Portugal,0,25805
Portugal,0,25805
Portugal,0,25805
Portugal,0,25805
Portugal,0,25805
Portugal,0,25805
Portugal,0,25805
Portugal,0,25805
Portugal,0,25805
Portugal,4273,25942
Portugal,0,25942
Portugal,0,25942
Portugal,0,25942
Portugal,0,25942
Portugal,675,25987
Portugal,0,25987
Portugal,0,25987
Portugal,0,25987
Portugal,376,26002
Portugal,0,26002
Portugal,0,26002
Portugal,642,26022
Portugal,0,26022
Portugal,347,26033
Portugal,0,26033
Portugal,0,26033
Portugal,0,26033
Portugal,0,26033
Portugal,671,26052
Portugal,NA,26052
Turkey,1,NA
Turkey,0,NA
Turkey,4,NA
Turkey,0,NA
Turkey,1,NA
Turkey,12,NA
Turkey,29,1
Turkey,51,1
Turkey,94,3
Turkey,167,4
Turkey,311,9
Turkey,566,30
Turkey,293,37
Turkey,343,44
Turkey,561,59
Turkey,1196,75
Turkey,2069,92
Turkey,1704,108
Turkey,1815,131
Turkey,1610,168
Turkey,2704,214
Turkey,2148,277
Turkey,2456,356
Turkey,2786,425
Turkey,3013,501
Turkey,3135,574
Turkey,3148,649
Turkey,3892,725
Turkey,4117,812
Turkey,4056,908
Turkey,4747,1006
Turkey,5138,1101
Turkey,4789,1198
Turkey,4093,1296
Turkey,4062,1403
Turkey,4281,1518
Turkey,4801,1643
Turkey,4353,1769
Turkey,3783,1890
Turkey,3977,2017
Turkey,4674,2140
Turkey,4611,2259
Turkey,3083,2376
Turkey,3116,2491
Turkey,3122,2600
Turkey,2861,2706
Turkey,2357,2805
Turkey,2131,2900
Turkey,2392,2992
Turkey,2936,3081
Turkey,2615,3174
Turkey,2188,3258
Turkey,1983,3336
Turkey,1670,3397
Turkey,1614,3461
Turkey,1832,3520
Turkey,2253,3584
Turkey,1977,3641
Turkey,1848,3689
Turkey,1546,3739
Turkey,1542,3786
Turkey,1114,3841
Turkey,1704,3894
Turkey,1639,3952
Turkey,1635,4007
Turkey,1708,4055
Turkey,1610,4096
Turkey,1368,4140
Turkey,1158,4171
Turkey,1022,4199
Turkey,972,4222
Turkey,961,4249
Turkey,952,4276
Turkey,1186,4308
Turkey,1141,4340
Turkey,987,4369
Turkey,948,4397
Turkey,1035,4431
Turkey,1182,4461
Turkey,1141,4489
Turkey,983,4515
Turkey,839,4540
Turkey,827,4563
Turkey,786,4585
Turkey,867,4609
Turkey,988,4630
Turkey,930,4648
Turkey,878,4669
Turkey,914,4692
Turkey,989,4711
Turkey,993,4729
Turkey,922,4746
Turkey,987,4763
Turkey,1195,4778
Turkey,1459,4792
Turkey,1562,4807
Turkey,1592,4825
Turkey,1467,4842
Turkey,1429,4861
Turkey,1304,4882
Turkey,1214,4905
Turkey,1248,4927
Turkey,1192,4950
Turkey,1212,4974
Turkey,1268,5001
Turkey,1492,5025
Turkey,1458,5046
Turkey,1396,5065
Turkey,1372,5082
Turkey,1356,5097
Turkey,1374,5115
Turkey,1293,5131
Turkey,1192,5150
Turkey,1186,5167
Turkey,1172,5186
Turkey,1154,5206
Turkey,1148,5225
Turkey,1086,5241
Turkey,1053,5260
Turkey,1041,5282
Turkey,1024,5300
Turkey,1003,5323
Turkey,1016,5344
Turkey,1012,5363
Turkey,1008,5382
Turkey,992,5402
Turkey,947,5419
Turkey,933,5440
Turkey,926,5458
Turkey,918,5475
Turkey,924,5491
Turkey,931,5508
Turkey,928,5526
Turkey,902,5545
Turkey,913,5563
Turkey,937,5580
Turkey,921,5596
Turkey,927,5613
Turkey,919,5630
Turkey,963,5645
Turkey,942,5659
Turkey,967,5674
Turkey,982,5691
Turkey,996,5710
Turkey,987,5728
Turkey,995,5747
Turkey,1083,5765
Turkey,1178,5784
Turkey,1153,5798
Turkey,1185,5813
Turkey,1172,5829
Turkey,1182,5844
Turkey,1193,5858
Turkey,1183,5873
Turkey,1212,5891
Turkey,1243,5912
Turkey,1226,5934
Turkey,1256,5955
Turkey,1192,5974
Turkey,1233,5996
Turkey,1263,6016
Turkey,1303,6039
Turkey,1412,6058
Turkey,1203,6080
Turkey,1309,6102
Turkey,1217,6121
Turkey,1443,6139
Turkey,1502,6163
Turkey,1313,6183
Turkey,1491,6209
Turkey,1517,6245
Turkey,1549,6284
Turkey,1482,6326
Turkey,1587,6370
Turkey,1572,6417
Turkey,1596,6462
Turkey,1642,6511
Turkey,1612,6564
Turkey,1673,6620
Turkey,1578,6673
Turkey,1703,6730
Turkey,1761,6782
Turkey,1673,6837
Turkey,1512,6895
Turkey,1671,6951
Turkey,1509,6999
Turkey,1527,7056
Turkey,1716,7119
Turkey,1742,7186
Turkey,1771,7249
Turkey,1648,7315
Turkey,1771,7377
Turkey,1538,7445
Turkey,1519,7506
Turkey,1743,7574
Turkey,1692,7639
Turkey,1767,7711
Turkey,1721,7785
Turkey,1665,7858
Turkey,1511,7929
Turkey,1467,7997
Turkey,1412,8062
Turkey,1427,8130
Turkey,1391,8195
Turkey,1407,8262
Turkey,1442,8325
Turkey,1502,8384
Turkey,1429,8441
Turkey,1603,8498
Turkey,1511,8553
Turkey,1581,8609
Turkey,1615,8667
Turkey,1629,8722
Turkey,1649,8778
Turkey,1502,8837
Turkey,1614,8895
Turkey,1632,8957
Turkey,1671,9014
Turkey,1693,9080
Turkey,1812,9153
Turkey,1723,9224
Turkey,1815,9296
Turkey,2026,9371
Turkey,1894,9445
Turkey,2013,9513
Turkey,2102,9584
Turkey,2165,9658
Turkey,2091,9727
Turkey,2017,9799
Turkey,2198,9874
Turkey,2209,9950
Turkey,2305,10027
Turkey,2319,10099
Turkey,2322,10177
Turkey,2213,10252
Turkey,2106,10326
Turkey,2302,10402
Turkey,2343,10481
Turkey,2391,10558
Turkey,2311,10639
Turkey,2436,10722
Turkey,2483,10803
Turkey,2516,10887
Turkey,2576,10972
Turkey,2529,11059
Turkey,2693,11145
Turkey,2841,11233
Turkey,3045,11326
Turkey,3116,11418
Turkey,3223,11507
Turkey,3316,11601
Turkey,3819,11704
Turkey,4215,11820
Turkey,4542,11943
Turkey,5103,12084
Turkey,5532,12219
Turkey,6017,12358
Turkey,6713,12511
Turkey,7381,12672
Turkey,6814,12840
Turkey,36008,13014
Turkey,44506,13191
Turkey,30103,13373
Turkey,29281,13558
Turkey,31219,13746
Turkey,30110,13936
Turkey,31923,14129
Turkey,32381,14316
Turkey,32736,14509
Turkey,31896,14705
Turkey,30402,14900
Turkey,32137,15103
Turkey,33198,15314
Turkey,31712,15531
Turkey,NA,15751
Turkey,32106,15977
Turkey,29136,16199
Turkey,26919,16417
Turkey,29617,16646
Turkey,32102,16881
Turkey,29718,17121
Turkey,27515,17364
Turkey,26410,17610
Turkey,22195,17851
Turkey,20316,18097
Turkey,19103,18351
Turkey,19256,18602
Turkey,19650,18861
Turkey,18102,19115
Turkey,17543,19371
Turkey,15118,19624
Turkey,14205,19878
Turkey,15197,20135
Turkey,15805,20388
Turkey,15692,20642
Turkey,14380,20881
Turkey,12203,21093
Turkey,11180,21295
Turkey,9877,21488
Turkey,13695,21685
Turkey,14494,21879
Turkey,13830,22070
Turkey,12171,22264
Turkey,11479,22450
Turkey,9537,22631
Turkey,9138,22807
Turkey,10220,22981
Turkey,9809,23152
Turkey,9554,23325
Turkey,8962,23495
Turkey,8314,23664
Turkey,7550,23832
Turkey,6436,23997
Turkey,5862,24161
Turkey,6818,24328
Turkey,6435,24487
Turkey,6289,24640
Turkey,5967,24789
Turkey,5856,24933
Turkey,5277,25073
Turkey,5642,25210
Turkey,7103,25344
Turkey,7489,25476
Turkey,7279,25605
Turkey,6912,25736
Turkey,6871,25865
Turkey,6562,25993
Turkey,7719,26117
Turkey,7795,26237
Turkey,8102,26354
Turkey,7909,26467
Turkey,7901,26577
Turkey,7897,26685
Turkey,6670,26797
Turkey,8103,26900
Turkey,8636,26998
Turkey,8642,27093
Turkey,7590,27187
Turkey,7763,27284
Turkey,7706,27377
Turkey,6287,27471
Turkey,7945,27562
Turkey,7906,27652
Turkey,7325,27738
Turkey,7241,27821
Turkey,7419,27903
Turkey,7857,27983
Turkey,6546,28060
Turkey,8104,28138
Turkey,9107,28213
Turkey,9561,28285
Turkey,9572,28358
Turkey,9205,28432
Turkey,9193,28503
Turkey,8424,28569
Turkey,9891,28638
Turkey,11837,28706
Turkey,11520,28771
Turkey,11322,28839
Turkey,11302,28901
Turkey,11770,28965
Turkey,11187,29030
Turkey,13215,29094
Turkey,13755,29160
Turkey,14556,29227
Turkey,14046,29290
Turkey,14941,29356
Turkey,15082,29421
Turkey,13378,29489
Turkey,15503,29552
Turkey,16749,29623
Turkey,18912,29696
Turkey,20049,29777
Turkey,21030,29864
Turkey,21061,29959
Turkey,20428,30061
Turkey,22216,30178
Turkey,26182,30316
Turkey,29762,30462
Turkey,28731,30619
Turkey,29081,30772
Turkey,30021,30923
Turkey,29058,31076
Turkey,32404,31230
Turkey,37303,31385
Turkey,39302,31537
Turkey,40806,31713
Turkey,42308,31892
Turkey,44756,32078
Turkey,41998,32263
Turkey,42551,32456
Turkey,49584,32667
Turkey,54740,32943
Turkey,55941,33201
Turkey,55791,33454
Turkey,52676,33702
Turkey,50678,33939
Turkey,54562,34182
Turkey,59187,34455
Turkey,62797,34734
Turkey,61400,35031
Turkey,63082,35320
Turkey,62606,35608
Turkey,55802,35926
Turkey,55149,36267
Turkey,61028,36613
Turkey,61967,36975
Turkey,54791,37329
Turkey,49438,37672
Turkey,40596,38011
Turkey,38553,38358
Turkey,37312,38711
Turkey,43301,39057
Turkey,40444,39398
Turkey,37674,39737
Turkey,31891,40131
Turkey,28817,40504
Turkey,25980,40844
Turkey,24733,41191
Turkey,28997,41527
Turkey,26476,41883
Turkey,22388,42187
Turkey,20107,42465
Turkey,18052,42746
Turkey,15191,43029
Turkey,13604,43311
Turkey,14497,43589
Turkey,13029,43821
Turkey,11534,44059
Turkey,11394,44301
Turkey,11472,44537
Turkey,10512,44760
Turkey,10174,44983
Turkey,11937,45186
Turkey,11553,45419
Turkey,9385,45626
Turkey,9528,45840
Turkey,8697,46071
Turkey,7839,46268
Turkey,7523,46446
Turkey,9375,46621
Turkey,8738,46787
Turkey,8426,46970
Turkey,7773,47134
Turkey,7656,47271
Turkey,6933,47405
Turkey,6493,47527
Turkey,7112,47656
Turkey,7181,47768
Turkey,6602,47882
Turkey,6169,47976
Turkey,6126,48068
Turkey,5386,48164
Turkey,5647,48255
Turkey,6609,48341
Turkey,6454,48428
Turkey,6408,48524
Turkey,6261,48593
Turkey,6076,48668
Turkey,5012,48721
Turkey,5626,48795
Turkey,5955,48879
Turkey,6221,48950
Turkey,5904,49012
Turkey,5575,49071
Turkey,5480,49122
Turkey,5091,49185
Turkey,5294,49236
Turkey,6143,49293
Turkey,5809,49358
Turkey,5703,49417
Turkey,5630,49473
Turkey,5266,49524
Turkey,4883,49576
Turkey,5283,49634
Turkey,5846,49687
Turkey,5496,49732
Turkey,5288,49774
Turkey,4891,49829
Turkey,4537,49874
Turkey,4418,49924
Turkey,4678,49959
Turkey,5299,49996
Turkey,5160,50048
Turkey,5171,50096
Turkey,5670,50155
Turkey,5530,50192
Turkey,5261,50229
Turkey,5404,50278
Turkey,6285,50324
Turkey,6907,50367
Turkey,7304,50415
Turkey,6918,50450
Turkey,7666,50488
Turkey,7680,50488
Turkey,7667,50604
Turkey,8780,50650
Turkey,8151,50709
Turkey,9586,50761
Turkey,11094,50821
Turkey,12381,50879
Turkey,14230,50934
Turkey,16809,50997
Turkey,19761,51048
Turkey,22291,51124
Turkey,22161,51184
Turkey,22083,51253
Turkey,22332,51332
Turkey,20890,51428
Turkey,22898,51519
Turkey,24832,51645
Turkey,26822,51767
Turkey,24297,51875
Turkey,23957,51976
Turkey,25100,52088
Turkey,22699,52088
Turkey,23731,52313
Turkey,26597,52437
Turkey,27356,52565
Turkey,22261,52703
Turkey,21372,52860
Turkey,19949,53005
Turkey,18847,53159
Turkey,18163,53324
Turkey,21692,53507
Turkey,19944,53675
Turkey,19320,53891
Turkey,19918,54095
Turkey,19351,54327
Turkey,18622,54533
Turkey,18857,54765
Turkey,19191,54995
Turkey,19970,55212
Turkey,19616,55469
Turkey,18340,55713
Turkey,17912,55958
Turkey,17332,56213
Turkey,19557,56458
Turkey,21893,56710
Turkey,23946,57000
Turkey,23496,57283
Turkey,22857,57559
Turkey,20033,57837
Turkey,19391,58106
Turkey,20962,58377
Turkey,23638,58651
Turkey,23914,58913
Turkey,23846,59170
Turkey,23562,59384
Turkey,22923,59643
Turkey,21352,59886
Turkey,24613,60117
Turkey,27802,60393
Turkey,28224,60641
Turkey,28118,60903
Turkey,27692,61140
Turkey,26161,61361
Turkey,26398,61574
Turkey,27688,61805
Turkey,29338,62065
Turkey,28168,62307
Turkey,27844,62524
Turkey,27197,62745
Turkey,26145,62938
Turkey,25861,63166
Turkey,27188,63372
Turkey,28892,63611
Turkey,29386,63838
Turkey,29104,64054
Turkey,28873,64264
Turkey,27973,64467
Turkey,27351,64661
Turkey,28810,64909
Turkey,29802,65137
Turkey,30438,65373
Turkey,30019,65590
Turkey,30201,65778
Turkey,28645,65984
Turkey,28370,66180
Turkey,30563,66368
Turkey,33860,66605
Turkey,31248,66841
Turkey,30709,67044
Turkey,30694,67225
Turkey,28537,67437
Turkey,24114,67623
Turkey,29240,67837
Turkey,30862,68060
Turkey,29760,68274
Turkey,28465,68472
Turkey,28192,68700
Turkey,26217,68917
Turkey,24792,69112
Turkey,27663,69344
Turkey,29643,69559
Turkey,26896,69769
Turkey,25528,69998
Turkey,24409,70207
Turkey,23096,70410
Turkey,23948,70611
Turkey,28678,70828
Turkey,29796,71052
Turkey,29764,71298
Turkey,29482,71526
Turkey,28193,71724
Turkey,27474,71927
Turkey,25304,72127
Turkey,27824,72314
Turkey,28662,72510
Turkey,27259,72713
Turkey,24898,72910
Turkey,23637,73127
Turkey,22583,73342
Turkey,21624,73531
Turkey,23852,73746
Turkey,25101,73973
Turkey,23867,74202
Turkey,22234,74428
Turkey,23810,74646
Turkey,23347,74847
Turkey,21177,75042
Turkey,24856,75235
Turkey,28170,75443
Turkey,27592,75618
Turkey,24467,75840
Turkey,24002,76041
Turkey,23759,76233
Turkey,21655,76446
Turkey,24317,76635
Turkey,25216,76842
Turkey,22556,77038
Turkey,21747,77230
Turkey,21495,77417
Turkey,20374,77645
Turkey,19357,77830
Turkey,20033,78017
Turkey,22687,78215
Turkey,20874,78407
Turkey,19696,78602
Turkey,18561,78778
Turkey,19255,78969
Turkey,17956,79151
Turkey,18796,79322
Turkey,21477,79503
Turkey,19872,79696
Turkey,18100,79863
Turkey,18141,80053
Turkey,17644,80244
Turkey,16910,80415
Turkey,18762,80591
Turkey,19859,80778
Turkey,19095,80957
Turkey,18771,81125
Turkey,18910,81258
Turkey,20470,81258
Turkey,20138,81576
Turkey,26099,81733
Turkey,32176,81917
Turkey,36684,81917
Turkey,39681,82198
Turkey,40786,82361
Turkey,36731,82506
Turkey,33520,82635
Turkey,44869,82795
Turkey,54724,82932
Turkey,66467,83075
Turkey,68413,83231
Turkey,63214,83388
Turkey,66237,83529
Turkey,61727,83702
Turkey,65236,83843
Turkey,74266,83980
Turkey,77722,84125
Turkey,75564,84278
Turkey,67857,84278
Turkey,63967,84622
Turkey,54100,84758
Turkey,64935,84920
Turkey,69658,85077
Turkey,72615,85253
Turkey,71843,85419
Turkey,72555,85600
Turkey,72856,85784
Turkey,65503,85969
Turkey,67023,86125
Turkey,76341,86299
Turkey,77434,86487
Turkey,82180,86661
Turkey,93586,86871
Turkey,94783,87045
Turkey,88145,87234
Turkey,93261,87416
Turkey,102601,87614
Turkey,110682,87831
Turkey,107530,88064
Turkey,111157,88312
Turkey,98715,88533
Turkey,87934,88734
Turkey,96514,88970
Turkey,111096,89211
Turkey,108563,89477
Turkey,98602,89741
Turkey,95065,89994
Turkey,86193,90266
Turkey,73787,90542
Turkey,76632,90808
Turkey,94730,91117
Turkey,94176,91388
Turkey,92406,91646
Turkey,87411,91910
Turkey,80454,92188
Turkey,70355,92451
Turkey,85026,92719
Turkey,86070,92990
Turkey,86600,93258
Turkey,79708,93539
Turkey,71736,93805
Turkey,61764,94026
Turkey,49792,94232
Turkey,64275,94445
Turkey,59885,94648
Turkey,56780,94837
Turkey,49424,95025
Turkey,38283,95205
Turkey,32389,95379
Turkey,27671,95549
Turkey,34343,95681
Turkey,37407,95811
Turkey,33243,95954
Turkey,29492,96094
Turkey,25401,96217
Turkey,20465,96349
Turkey,17426,96487
Turkey,24404,96620
Turkey,24614,96735
Turkey,22345,96853
Turkey,21354,96954
Turkey,19126,97077
Turkey,17328,97182
Turkey,13081,97267
Turkey,14933,97347
Turkey,17426,97437
Turkey,17161,97521
Turkey,16894,97598
Turkey,15303,97666
Turkey,13849,97736
Turkey,11194,97800
Turkey,14364,97861
Turkey,16190,97924
Turkey,14993,97977
Turkey,14336,98033
Turkey,13367,98078
Turkey,11783,98119
Turkey,9021,98157
Turkey,12647,98197
Turkey,12213,98234
Turkey,10314,98275
Turkey,9354,98311
Turkey,7120,98342
Turkey,6986,98377
Turkey,5609,98409
Turkey,6893,98437
Turkey,6635,98462
Turkey,5529,98493
Turkey,5127,98514
Turkey,4425,98532
Turkey,4086,98551
Turkey,3268,98568
Turkey,4542,98587
Turkey,4217,98610
Turkey,3668,98628
Turkey,3354,98645
Turkey,2898,98660
Turkey,2654,98676
Turkey,2277,98691
Turkey,2604,98706
Turkey,2511,98720
Turkey,2479,98736
Turkey,2256,98751
Turkey,1924,98760
Turkey,1772,98771
Turkey,1480,98783
Turkey,1344,98791
Turkey,1193,98801
Turkey,1132,98808
Turkey,1253,98819
Turkey,1743,98826
Turkey,1661,98837
Turkey,1480,98846
Turkey,1542,98854
Turkey,1858,98861
Turkey,1670,98870
Turkey,1778,98878
Turkey,1534,98885
Turkey,1407,98890
Turkey,1154,98900
Turkey,1254,98904
Turkey,1608,98911
Turkey,1443,98914
Turkey,1485,98918
Turkey,0,98918
Turkey,2281,98925
Turkey,905,98930
Turkey,922,98933
Turkey,1304,98939
Turkey,1260,98943
Turkey,1310,98948
Turkey,940,98952
Turkey,966,98955
Turkey,864,98957
Turkey,908,98961
Turkey,975,98965
Turkey,0,98965
Turkey,0,98965
Turkey,0,98965
Turkey,0,98965
Turkey,5439,98976
Turkey,0,98976
Turkey,0,98976
Turkey,0,98976
Turkey,0,98976
Turkey,0,98976
Turkey,0,98976
Turkey,0,98976
Turkey,0,98976
Turkey,7556,98996
Turkey,0,98996
Turkey,0,98996
Turkey,0,98996
Turkey,0,98996
Turkey,0,98996
Turkey,0,98996
Turkey,0,98996
Turkey,0,98996
Turkey,0,98996
Turkey,0,98996
Turkey,0,98996
Turkey,0,98996
Turkey,10954,99015
Turkey,0,99015
Turkey,26635,99032
Turkey,0,99032
Turkey,0,99032
Turkey,0,99032
Turkey,0,99032
Turkey,57113,99057
Turkey,0,99057
Turkey,0,99057
Turkey,0,99057
Turkey,0,99057
Turkey,0,99057
Turkey,0,99057
Turkey,0,99057
Turkey,0,99057
Turkey,117095,99088
Turkey,0,99088
Turkey,0,99088
Turkey,0,99088
Turkey,0,99088
Turkey,0,99088
Turkey,0,99088
Turkey,226532,99184
Turkey,0,99184
Turkey,0,99184
Turkey,0,99184
Turkey,0,99184
Turkey,0,99184
Turkey,0,99184
Turkey,0,99184
Turkey,0,99184
Turkey,365424,99341
Turkey,0,99341
Turkey,0,99341
Turkey,0,99341
Turkey,0,99341
Turkey,0,99341
Turkey,0,99341
Turkey,0,99341
Turkey,406322,99678
Turkey,0,99678
Turkey,0,99678
Turkey,0,99678
Turkey,0,99678
Turkey,0,99678
Turkey,0,99678
Turkey,0,99678
Turkey,0,99678
Turkey,232253,100058
Turkey,143778,100400
Turkey,0,100400
Turkey,0,100400
Turkey,0,100400
Turkey,0,100400
Turkey,0,100400
Turkey,0,100400
Turkey,0,100400
Turkey,0,100400
Turkey,0,100400
Turkey,0,100400
Turkey,0,100400
Turkey,0,100400
Turkey,0,100400
Turkey,0,100400
Turkey,0,100400
Turkey,0,100400
Turkey,80020,100631
Turkey,0,100631
Turkey,45882,100840
Turkey,0,100840
Turkey,0,100840
Turkey,0,100840
Turkey,0,100840
Turkey,0,100840
Turkey,0,100840
Turkey,32191,100979
Turkey,22441,101068
Turkey,0,101068
Turkey,0,101068
Turkey,0,101068
Turkey,0,101068
Turkey,0,101068
Turkey,0,101068
Turkey,0,101068
Turkey,0,101068
Turkey,0,101068
Turkey,0,101068
Turkey,0,101068
Turkey,21411,101139
Turkey,0,101139
Turkey,0,101139
Turkey,0,101139
Turkey,0,101139
Turkey,0,101139
Turkey,0,101139
Turkey,0,101139
Turkey,0,101139
Turkey,0,101139
Turkey,0,101139
Turkey,0,101139
Turkey,0,101139
Turkey,0,101139
Turkey,0,101139
Turkey,22729,101179
Turkey,23116,101203
Turkey,0,101203
Turkey,0,101203
Turkey,0,101203
Turkey,0,101203
Turkey,0,101203
Turkey,0,101203
Turkey,0,101203
Turkey,0,101203
Turkey,0,101203
Turkey,0,101203
Turkey,0,101203
Turkey,0,101203
Turkey,0,101203
Turkey,0,101203
Turkey,0,101203
Turkey,0,101203
Turkey,0,101203
Turkey,0,101203
Turkey,0,101203
Turkey,0,101203
Turkey,0,101203
Turkey,0,101203
Turkey,0,101203
Turkey,0,101203
Turkey,0,101203
Turkey,0,101203
Turkey,0,101203
Turkey,0,101203
Turkey,0,101203
Turkey,0,101203
Turkey,0,101203
Turkey,0,101203
Turkey,0,101203
Turkey,0,101203
Turkey,0,101203
Turkey,0,101203
Turkey,0,101203
Turkey,0,101203
Turkey,0,101203
Turkey,0,101203
Turkey,0,101203
Turkey,0,101203
Turkey,0,101203
Turkey,0,101203
Turkey,0,101203
Turkey,0,101203
Turkey,0,101203
Turkey,0,101203
Turkey,0,101203
Turkey,0,101203
Turkey,0,101203
Turkey,0,101203
Turkey,0,101203
Turkey,0,101203
Turkey,0,101203
Turkey,0,101203
Turkey,0,101203
Turkey,0,101203
Turkey,0,101203
Turkey,0,101203
Turkey,0,101203
Turkey,0,101203
Turkey,0,101203
Turkey,0,101203
Turkey,0,101203
Turkey,0,101203
Turkey,0,101203
Turkey,0,101203
Turkey,0,101203
Turkey,0,101203
Turkey,0,101203
Turkey,0,101203
Turkey,0,101203
Turkey,0,101203
Turkey,0,101203
Turkey,0,101203
Turkey,0,101203
Turkey,0,101203
Turkey,0,101203
Turkey,0,101203
Turkey,0,101203
Turkey,0,101203
Turkey,123084,101492
Turkey,0,101492
Turkey,0,101492
Turkey,0,101492
Turkey,0,101492
Turkey,0,101492
Turkey,0,101492
Turkey,0,101492
Turkey,0,101492
Turkey,0,101492
Turkey,0,101492
Turkey,0,101492
Turkey,0,101492
Turkey,0,101492
Turkey,0,101492
Turkey,0,101492
Turkey,0,101492
Turkey,0,101492
Turkey,0,101492
Turkey,0,101492
Turkey,0,101492
Turkey,0,101492
Turkey,0,101492
Turkey,0,101492
Turkey,0,101492
Turkey,0,101492
Turkey,0,101492
Turkey,0,101492
Turkey,0,101492
Turkey,0,101492
Turkey,0,101492
Turkey,0,101492
Turkey,0,101492
Turkey,0,101492
Turkey,0,101492
Turkey,0,101492
Turkey,0,101492
Turkey,0,101492
Turkey,0,101492
