"Island","Year","Pl_Num","Leaf_Num","LLL","Bud_Num","Fl_Num","Fr_Num","BQS","Flowers_Y_N"
"Saba",2011,"A1701",20,26.0,0,1,0,"Saba",1
"Saba",2011,"A1702",6,18.0,0,0,0,"Saba",0
"Saba",2011,"A1703",5,13.0,0,0,0,"Saba",0
"Statia",2009,"102",,,,,,"Boven",
"Statia",2010,"102",33,31.0,0,0,0,"Boven",0
"Statia",2011,"102",40,34.0,0,0,0,"Boven",0
"Statia",2012,"102",10,23.0,0,1,0,"Boven",1
"Statia",2013,"102",11,21.0,0,0,0,"Boven",0
"Statia",2009,"103",,,,,,"Boven",
"Statia",2010,"103",14,18.8,0,0,0,"Boven",0
"Statia",2011,"103",14,26.2,0,0,0,"Boven",0
"Statia",2012,"103",22,23.0,0,1,0,"Boven",1
"Statia",2013,"103",,,,,,"Boven",
"Statia",2009,"104",,,,,,"Boven",
"Statia",2010,"104",25,25.4,0,0,0,"Boven",0
"Statia",2011,"104",34,29.8,0,0,0,"Boven",0
"Statia",2012,"104",5,15.0,0,0,0,"Boven",0
"Statia",2013,"104",10,17.5,0,0,0,"Boven",0
"Statia",2009,"105",,,,,,"Boven",
"Statia",2010,"105",41,27.3,0,0,0,"Boven",0
"Statia",2011,"105",37,24.2,0,0,0,"Boven",0
"Statia",2012,"105",24,24.5,0,0,0,"Boven",0
"Statia",2013,"105",16,17.5,0,0,0,"Boven",0
"Statia",2009,"106",,,,,,"Boven",
"Statia",2010,"106",8,15.3,0,0,0,"Boven",0
"Statia",2011,"106",10,15.1,0,0,0,"Boven",0
"Statia",2012,"106",6,5.0,0,0,0,"Boven",0
"Statia",2013,"106",7,11.2,0,0,0,"Boven",0
"Statia",2009,"107",,,,,,"Boven",
"Statia",2010,"107",34,33.2,0,0,2,"Boven",0
"Statia",2011,"107",46,37.6,0,0,0,"Boven",0
"Statia",2012,"107",52,30.0,0,1,1,"Boven",1
"Statia",2013,"107",21,34.0,0,0,0,"Boven",0
"Statia",2009,"108",,,,,,"Boven",
"Statia",2010,"108",6,27.0,0,0,0,"Boven",0
"Statia",2011,"108",6,29.5,0,0,0,"Boven",0
"Statia",2012,"108",8,28.0,0,0,0,"Boven",0
"Statia",2013,"108",1,1.0,0,0,0,"Boven",0
"Statia",2009,"109",,,,,,"Boven",
"Statia",2010,"109",4,9.2,0,0,0,"Boven",0
"Statia",2011,"109",6,9.6,0,0,0,"Boven",0
"Statia",2012,"109",6,19.5,0,0,0,"Boven",0
"Statia",2013,"109",3,13.0,0,0,0,"Boven",0
"Statia",2009,"110",,,,,,"Boven",
"Statia",2010,"110",11,21.5,0,0,0,"Boven",0
"Statia",2011,"110",11,36.7,0,0,0,"Boven",0
"Statia",2012,"110",18,33.0,0,0,0,"Boven",0
"Statia",2013,"110",23,30.0,0,0,0,"Boven",0
"Statia",2009,"111",,,,,,"Boven",
"Statia",2010,"111",8,21.1,0,0,0,"Boven",0
"Statia",2011,"111",9,24.6,0,0,0,"Boven",0
"Statia",2012,"111",8,21.5,0,0,0,"Boven",0
"Statia",2013,"111",8,22.0,0,0,0,"Boven",0
"Statia",2009,"112",,,,,,"Boven",
"Statia",2010,"112",8,24.0,0,0,0,"Boven",0
"Statia",2011,"112",9,27.0,0,0,0,"Boven",0
"Statia",2012,"112",7,20.0,0,0,0,"Boven",0
"Statia",2013,"112",12,23.0,0,0,0,"Boven",0
"Statia",2009,"113",,,,,,"Boven",
"Statia",2010,"113",4,11.2,0,0,0,"Boven",0
"Statia",2011,"113",4,12.4,0,0,0,"Boven",0
"Statia",2012,"113",2,13.5,0,0,0,"Boven",0
"Statia",2013,"113",2,12.0,0,0,0,"Boven",0
"Statia",2009,"114",,,,,,"Boven",
"Statia",2010,"114",3,3.9,0,0,0,"Boven",0
"Statia",2011,"114",3,29.0,0,0,0,"Boven",0
"Statia",2012,"114",4,2.0,0,0,0,"Boven",0
"Statia",2013,"114",,,,,,"Boven",
"Statia",2009,"115",,,,,,"Boven",
"Statia",2010,"115",5,13.4,0,0,0,"Boven",0
"Statia",2011,"115",3,15.0,0,0,0,"Boven",0
"Statia",2012,"115",6,20.0,0,0,0,"Boven",0
"Statia",2013,"115",4,23.0,0,0,0,"Boven",0
"Statia",2009,"117",,,,,,"Boven",
"Statia",2010,"117",6,13.5,0,0,0,"Boven",0
"Statia",2011,"117",5,14.8,0,0,0,"Boven",0
"Statia",2012,"117",0,0.0,0,0,0,"Boven",0
"Statia",2013,"117",,,,,,"Boven",
"Statia",2009,"170",,,,,,"Boven",
"Statia",2010,"170",77,28.0,0,1,0,"Boven",1
"Statia",2011,"170",79,35.5,0,0,2,"Boven",0
"Statia",2012,"170",81,32.2,0,0,0,"Boven",0
"Statia",2013,"170",13,15.5,0,0,0,"Boven",0
"Statia",2009,"171",,,,,,"Boven",
"Statia",2010,"171",84,33.0,0,1,0,"Boven",1
"Statia",2011,"171",176,34.0,0,2,0,"Boven",1
"Statia",2012,"171",159,8.5,0,2,0,"Boven",1
"Statia",2013,"171",181,,0,2,0,"Boven",1
"Statia",2009,"172",,,,,,"Boven",
"Statia",2010,"172",4,22.5,0,0,0,"Boven",0
"Statia",2011,"172",4,24.0,0,0,0,"Boven",0
"Statia",2012,"172",7,36.0,0,0,0,"Boven",0
"Statia",2013,"172",10,30.0,0,0,0,"Boven",0
"Statia",2009,"173",,,,,,"Boven",
"Statia",2010,"173",112,26.0,2,1,0,"Boven",1
"Statia",2011,"173",111,38.3,0,0,0,"Boven",0
"Statia",2012,"173",145,36.5,0,2,0,"Boven",1
"Statia",2013,"173",164,26.0,3,1,1,"Boven",1
"Statia",2009,"174",,,,,,"Boven",
"Statia",2010,"174",16,22.2,0,0,0,"Boven",0
"Statia",2011,"174",11,22.4,0,0,0,"Boven",0
"Statia",2012,"174",13,25.5,0,0,0,"Boven",0
"Statia",2013,"174",12,24.0,0,0,0,"Boven",0
"Statia",2009,"175",,,,,,"Boven",
"Statia",2010,"175",3,4.0,0,0,0,"Boven",0
"Statia",2011,"175",,,,,,"Boven",
"Statia",2012,"175",2,1.5,0,0,0,"Boven",0
"Statia",2013,"175",,,,,,"Boven",
"Statia",2009,"176",,,,,,"Boven",
"Statia",2010,"176",80,24.5,1,0,0,"Boven",0
"Statia",2011,"176",72,29.2,0,0,0,"Boven",0
"Statia",2012,"176",93,25.5,0,0,0,"Boven",0
"Statia",2013,"176",63,22.5,0,0,0,"Boven",0
"Statia",2009,"177",,,,,,"Boven",
"Statia",2010,"177",28,31.0,0,0,0,"Boven",0
"Statia",2011,"177",,,,,,"Boven",
"Statia",2012,"177",33,36.5,0,1,0,"Boven",1
"Statia",2013,"177",33,30.0,0,0,0,"Boven",0
"Statia",2009,"178",,,,,,"Boven",
"Statia",2010,"178",31,,0,1,0,"Boven",1
"Statia",2011,"178",4,20.1,0,0,0,"Boven",0
"Statia",2012,"178",14,21.0,0,0,0,"Boven",0
"Statia",2013,"178",13,,0,0,0,"Boven",0
"Statia",2009,"179",,,,,,"Boven",
"Statia",2010,"179",3,,0,0,0,"Boven",0
"Statia",2011,"179",33,28.2,0,0,0,"Boven",0
"Statia",2012,"179",48,25.0,0,0,0,"Boven",0
"Statia",2013,"179",49,,0,0,0,"Boven",0
"Statia",2009,"180",,,,,,"Boven",
"Statia",2010,"180",29,,0,0,0,"Boven",0
"Statia",2011,"180",25,30.2,0,0,0,"Boven",0
"Statia",2012,"180",34,26.0,0,1,0,"Boven",1
"Statia",2013,"180",,,,,,"Boven",
"Statia",2009,"181",,,,,,"Boven",
"Statia",2010,"181",10,,0,0,0,"Boven",0
"Statia",2011,"181",9,17.7,0,0,0,"Boven",0
"Statia",2012,"181",11,18.0,0,0,0,"Boven",0
"Statia",2013,"181",18,,0,0,0,"Boven",0
"Statia",2009,"182",,,,,,"Boven",
"Statia",2010,"182",145,31.0,0,2,0,"Boven",1
"Statia",2011,"182",167,43.2,0,0,0,"Boven",0
"Statia",2012,"182",182,37.5,0,0,0,"Boven",0
"Statia",2013,"182",188,29.0,0,1,0,"Boven",1
"Statia",2009,"183",,,,,,"Boven",
"Statia",2010,"183",6,14.0,0,0,0,"Boven",0
"Statia",2011,"183",5,16.5,0,0,0,"Boven",0
"Statia",2012,"183",,,,,,"Boven",
"Statia",2013,"183",,,,,,"Boven",
"Statia",2009,"184",,,,,,"Boven",
"Statia",2010,"184",12,32.0,0,1,0,"Boven",1
"Statia",2011,"184",12,31.3,0,0,0,"Boven",0
"Statia",2012,"184",7,31.0,0,2,0,"Boven",1
"Statia",2013,"184",5,28.0,0,0,0,"Boven",0
"Statia",2009,"185",,,,,,"Boven",
"Statia",2010,"185",33,29.0,0,0,0,"Boven",0
"Statia",2011,"185",34,28.9,0,0,0,"Boven",0
"Statia",2012,"185",48,28.5,0,1,0,"Boven",1
"Statia",2013,"185",59,29.0,0,2,0,"Boven",1
"Statia",2009,"186",,,,,,"Boven",
"Statia",2010,"186",5,22.5,0,0,0,"Boven",0
"Statia",2011,"186",8,28.0,0,0,0,"Boven",0
"Statia",2012,"186",17,31.5,0,0,0,"Boven",0
"Statia",2013,"186",17,31.0,0,1,0,"Boven",1
"Statia",2009,"187",,,,,,"Boven",
"Statia",2009,"187",,,,,,"Boven",
"Statia",2010,"187",36,28.5,0,0,0,"Boven",0
"Statia",2010,"187",4,29.5,0,0,0,"Boven",0
"Statia",2011,"187",40,19.5,0,0,0,"Boven",0
"Statia",2011,"187",8,28.6,0,0,0,"Boven",0
"Statia",2012,"187",42,31.5,0,0,0,"Boven",0
"Statia",2012,"187",,,,,,"Boven",
"Statia",2013,"187",52,31.0,0,0,0,"Boven",0
"Statia",2013,"187",,,,,,"Boven",
"Statia",2009,"188",,,,,,"Boven",
"Statia",2010,"188",,,,,,"Boven",
"Statia",2011,"188",37,13.7,0,0,0,"Boven",0
"Statia",2012,"188",,,,,,"Boven",
"Statia",2013,"188",45,,0,0,0,"Boven",0
"Statia",2009,"189",,,,,,"Boven",
"Statia",2010,"189",79,29.5,0,0,0,"Boven",0
"Statia",2011,"189",27,31.1,0,0,0,"Boven",0
"Statia",2012,"189",79,108.0,0,0,0,"Boven",0
"Statia",2013,"189",3,16.0,0,0,0,"Boven",0
"Statia",2009,"190",,,,,,"Boven",
"Statia",2010,"190",1,25.5,0,0,0,"Boven",0
"Statia",2011,"190",11,28.6,0,0,0,"Boven",0
"Statia",2012,"190",13,27.0,0,0,0,"Boven",0
"Statia",2013,"190",22,25.0,0,0,0,"Boven",0
"Statia",2009,"191",,,,,,"Boven",
"Statia",2010,"191",6,18.0,0,0,0,"Boven",0
"Statia",2011,"191",5,20.8,0,0,0,"Boven",0
"Statia",2012,"191",4,8.0,0,0,0,"Boven",0
"Statia",2013,"191",4,11.5,0,0,0,"Boven",0
"Statia",2009,"192",,,,,,"Boven",
"Statia",2010,"192",6,19.0,0,0,0,"Boven",0
"Statia",2011,"192",7,23.0,0,0,0,"Boven",0
"Statia",2012,"192",3,10.0,0,0,0,"Boven",0
"Statia",2013,"192",,,,,,"Boven",
"Statia",2009,"193",,,,,,"Boven",
"Statia",2010,"193",20,22.5,0,0,0,"Boven",0
"Statia",2011,"193",19,27.3,0,0,0,"Boven",0
"Statia",2012,"193",12,17.0,0,0,0,"Boven",0
"Statia",2013,"193",2,12.5,0,0,0,"Boven",0
"Statia",2009,"194",,,,,,"Boven",
"Statia",2010,"194",4,11.0,0,0,0,"Boven",0
"Statia",2011,"194",3,11.3,0,0,0,"Boven",0
"Statia",2012,"194",5,15.0,0,0,0,"Boven",0
"Statia",2013,"194",7,13.0,0,0,0,"Boven",0
"Statia",2009,"195",,,,,,"Boven",
"Statia",2010,"195",5,8.5,0,0,0,"Boven",0
"Statia",2011,"195",,,,,,"Boven",
"Statia",2012,"195",0,0.0,0,0,0,"Boven",0
"Statia",2013,"195",,,,,,"Boven",
"Statia",2009,"196",,,,,,"Boven",
"Statia",2010,"196",4,4.5,0,0,0,"Boven",0
"Statia",2011,"196",,,,,,"Boven",
"Statia",2012,"196",0,0.0,0,0,0,"Boven",0
"Statia",2013,"196",,,,,,"Boven",
"Statia",2009,"197",,,,,,"Boven",
"Statia",2010,"197",14,25.0,0,0,0,"Boven",0
"Statia",2011,"197",11,27.9,0,0,0,"Boven",0
"Statia",2012,"197",19,27.0,0,0,0,"Boven",0
"Statia",2013,"197",1,3.5,0,0,0,"Boven",0
"Statia",2009,"198",,,,,,"Boven",
"Statia",2010,"198",5,10.0,0,0,0,"Boven",0
"Statia",2011,"198",,,,,,"Boven",
"Statia",2012,"198",0,0.0,0,0,0,"Boven",0
"Statia",2013,"198",,,,,,"Boven",
"Statia",2009,"199",,,,,,"Boven",
"Statia",2010,"199",7,23.0,0,0,0,"Boven",0
"Statia",2011,"199",9,25.6,0,0,0,"Boven",0
"Statia",2012,"199",3,24.5,0,0,0,"Boven",0
"Statia",2013,"199",1,5.0,0,0,0,"Boven",0
"Statia",2009,"200",,,,,,"Boven",
"Statia",2010,"200",6,16.0,0,0,0,"Boven",0
"Statia",2011,"200",7,18.0,0,0,0,"Boven",0
"Statia",2012,"200",0,0.0,0,0,0,"Boven",0
"Statia",2013,"200",,,,,,"Boven",
"Statia",2009,"313",,,,,,"Boven",
"Statia",2010,"313",,,,,,"Boven",
"Statia",2011,"313",6,16.01,0,0,0,"Boven",0
"Statia",2012,"313",6,18.0,0,0,0,"Boven",0
"Statia",2013,"313",,,,,,"Boven",
"Statia",2009,"314",,,,,,"Boven",
"Statia",2010,"314",,,,,,"Boven",
"Statia",2011,"314",2,12.8,0,0,0,"Boven",0
"Statia",2012,"314",3,12.0,0,0,0,"Boven",0
"Statia",2013,"314",,,,,,"Boven",
"Statia",2009,"315",,,,,,"Boven",
"Statia",2010,"315",,,,,,"Boven",
"Statia",2011,"315",14,22.9,0,0,0,"Boven",0
"Statia",2012,"315",17,23.0,0,0,0,"Boven",0
"Statia",2013,"315",23,24.0,0,0,0,"Boven",0
"Statia",2009,"316",,,,,,"Boven",
"Statia",2010,"316",,,,,,"Boven",
"Statia",2011,"316",41,24.4,0,0,0,"Boven",0
"Statia",2012,"316",36,36.0,0,0,0,"Boven",0
"Statia",2013,"316",33,31.0,0,0,0,"Boven",0
"Statia",2009,"317",,,,,,"Boven",
"Statia",2010,"317",,,,,,"Boven",
"Statia",2011,"317",6,26.4,0,0,0,"Boven",0
"Statia",2012,"317",38,30.5,0,0,0,"Boven",0
"Statia",2013,"317",40,29.0,0,0,0,"Boven",0
"Statia",2009,"318",,,,,,"Boven",
"Statia",2010,"318",,,,,,"Boven",
"Statia",2011,"318",19,23.5,0,0,0,"Boven",0
"Statia",2012,"318",22,32.0,0,0,0,"Boven",0
"Statia",2013,"318",28,33.0,0,0,0,"Boven",0
"Statia",2009,"319",,,,,,"Boven",
"Statia",2010,"319",,,,,,"Boven",
"Statia",2011,"319",7,21.5,0,0,0,"Boven",0
"Statia",2012,"319",9,33.0,0,0,0,"Boven",0
"Statia",2013,"319",,,,,,"Boven",
"Statia",2009,"320",,,,,,"Boven",
"Statia",2010,"320",,,,,,"Boven",
"Statia",2011,"320",17,29.8,0,0,0,"Boven",0
"Statia",2012,"320",15,26.0,0,0,0,"Boven",0
"Statia",2013,"320",,,,,,"Boven",
"Statia",2009,"321",,,,,,"Boven",
"Statia",2010,"321",,,,,,"Boven",
"Statia",2011,"321",15,20.7,0,0,0,"Boven",0
"Statia",2012,"321",21,21.0,0,0,0,"Boven",0
"Statia",2013,"321",,,,,,"Boven",
"Statia",2009,"322",,,,,,"Boven",
"Statia",2010,"322",,,,,,"Boven",
"Statia",2011,"322",12,20.8,0,0,0,"Boven",0
"Statia",2012,"322",,,,,,"Boven",
"Statia",2013,"322",,,,,,"Boven",
"Statia",2009,"323",,,,,,"Boven",
"Statia",2010,"323",,,,,,"Boven",
"Statia",2011,"323",60,29.0,0,0,0,"Boven",0
"Statia",2012,"323",85,,0,0,0,"Boven",0
"Statia",2013,"323",60,,0,0,0,"Boven",0
"Statia",2009,"324",,,,,,"Boven",
"Statia",2010,"324",,,,,,"Boven",
"Statia",2011,"324",15,15.0,0,0,0,"Boven",0
"Statia",2012,"324",10,,0,0,0,"Boven",0
"Statia",2013,"324",9,,0,1,0,"Boven",1
"Statia",2009,"325",,,,,,"Boven",
"Statia",2010,"325",,,,,,"Boven",
"Statia",2011,"325",20,18.0,0,0,0,"Boven",0
"Statia",2012,"325",26,,0,0,0,"Boven",0
"Statia",2013,"325",15,28.0,0,0,0,"Boven",0
"Statia",2009,"326",,,,,,"Boven",
"Statia",2010,"326",,,,,,"Boven",
"Statia",2011,"326",50,35.0,0,0,0,"Boven",0
"Statia",2012,"326",45,,0,0,0,"Boven",0
"Statia",2013,"326",28,29.5,0,0,0,"Boven",0
"Statia",2009,"327",,,,,,"Boven",
"Statia",2010,"327",,,,,,"Boven",
"Statia",2011,"327",30,23.0,0,0,0,"Boven",0
"Statia",2012,"327",30,,0,0,0,"Boven",0
"Statia",2013,"327",30,29.5,0,0,0,"Boven",0
"Statia",2009,"328",,,,,,"Boven",
"Statia",2010,"328",,,,,,"Boven",
"Statia",2011,"328",5,27.1,0,0,0,"Boven",0
"Statia",2012,"328",,,,,,"Boven",
"Statia",2013,"328",11,29.5,0,0,0,"Boven",0
"Statia",2009,"329",,,,,,"Boven",
"Statia",2010,"329",,,,,,"Boven",
"Statia",2011,"329",7,24.0,0,0,0,"Boven",0
"Statia",2012,"329",,,,,,"Boven",
"Statia",2013,"329",15,26.0,0,0,1,"Boven",0
"Statia",2009,"330",,,,,,"Boven",
"Statia",2010,"330",,,,,,"Boven",
"Statia",2011,"330",11,34.0,0,0,0,"Boven",0
"Statia",2012,"330",17,,0,0,0,"Boven",0
"Statia",2013,"330",22,33.0,0,1,1,"Boven",1
"Statia",2009,"331",,,,,,"Boven",
"Statia",2010,"331",,,,,,"Boven",
"Statia",2011,"331",27,30.2,0,0,0,"Boven",0
"Statia",2012,"331",50,,0,0,0,"Boven",0
"Statia",2013,"331",25,29.0,0,1,0,"Boven",1
"Statia",2009,"332",,,,,,"Boven",
"Statia",2010,"332",,,,,,"Boven",
"Statia",2011,"332",20,29.6,0,0,0,"Boven",0
"Statia",2012,"332",8,,0,0,0,"Boven",0
"Statia",2013,"332",35,30.0,0,0,1,"Boven",0
"Statia",2009,"333",,,,,,"Boven",
"Statia",2010,"333",,,,,,"Boven",
"Statia",2011,"333",7,26.7,0,0,0,"Boven",0
"Statia",2012,"333",17,,0,0,0,"Boven",0
"Statia",2013,"333",12,32.0,0,0,0,"Boven",0
"Statia",2009,"334",,,,,,"Boven",
"Statia",2010,"334",,,,,,"Boven",
"Statia",2011,"334",4,20.9,0,0,0,"Boven",0
"Statia",2012,"334",8,,0,0,0,"Boven",0
"Statia",2013,"334",12,,0,0,0,"Boven",0
"Statia",2009,"335",,,,,,"Boven",
"Statia",2010,"335",,,,,,"Boven",
"Statia",2011,"335",10,18.0,0,0,0,"Boven",0
"Statia",2012,"335",19,,0,0,0,"Boven",0
"Statia",2013,"335",20,,0,2,0,"Boven",1
"Statia",2009,"336",,,,,,"Boven",
"Statia",2010,"336",,,,,,"Boven",
"Statia",2011,"336",27,30.8,0,0,0,"Boven",0
"Statia",2012,"336",31,34.5,0,0,0,"Boven",0
"Statia",2013,"336",32,29.0,0,1,0,"Boven",1
"Statia",2009,"337",,,,,,"Boven",
"Statia",2010,"337",,,,,,"Boven",
"Statia",2011,"337",29,29.5,0,0,0,"Boven",0
"Statia",2012,"337",34,32.0,0,0,0,"Boven",0
"Statia",2013,"337",36,30.0,0,0,0,"Boven",0
"Statia",2009,"338",,,,,,"Boven",
"Statia",2010,"338",,,,,,"Boven",
"Statia",2011,"338",49,28.8,0,0,0,"Boven",0
"Statia",2012,"338",47,34.0,0,0,0,"Boven",0
"Statia",2013,"338",60,37.0,0,1,0,"Boven",1
"Statia",2009,"339",,,,,,"Boven",
"Statia",2010,"339",,,,,,"Boven",
"Statia",2011,"339",12,27.4,0,0,0,"Boven",0
"Statia",2012,"339",14,32.5,0,0,0,"Boven",0
"Statia",2013,"339",35,32.0,1,0,1,"Boven",0
"Statia",2009,"340",,,,,,"Boven",
"Statia",2010,"340",,,,,,"Boven",
"Statia",2011,"340",13,30.6,0,0,0,"Boven",0
"Statia",2012,"340",96,27.0,0,0,0,"Boven",0
"Statia",2013,"340",,,,,,"Boven",
"Statia",2009,"341",,,,,,"Boven",
"Statia",2010,"341",,,,,,"Boven",
"Statia",2011,"341",25,17.0,0,0,0,"Boven",0
"Statia",2012,"341",26,,0,0,0,"Boven",0
"Statia",2013,"341",27,,0,0,0,"Boven",0
"Statia",2009,"342",,,,,,"Boven",
"Statia",2010,"342",,,,,,"Boven",
"Statia",2011,"342",33,30.0,0,0,0,"Boven",0
"Statia",2012,"342",30,,0,0,0,"Boven",0
"Statia",2013,"342",27,,0,0,0,"Boven",0
"Statia",2009,"343",,,,,,"Boven",
"Statia",2010,"343",,,,,,"Boven",
"Statia",2011,"343",29,29.0,0,0,0,"Boven",0
"Statia",2012,"343",23,,0,0,0,"Boven",0
"Statia",2013,"343",17,,0,0,0,"Boven",0
"Statia",2009,"344",,,,,,"Boven",
"Statia",2010,"344",,,,,,"Boven",
"Statia",2011,"344",6,16.0,0,0,0,"Boven",0
"Statia",2012,"344",5,,0,0,0,"Boven",0
"Statia",2013,"344",6,,0,0,0,"Boven",0
"Statia",2009,"345",,,,,,"Boven",
"Statia",2010,"345",,,,,,"Boven",
"Statia",2011,"345",8,14.0,0,0,0,"Boven",0
"Statia",2012,"345",6,,0,0,0,"Boven",0
"Statia",2013,"345",7,,0,0,0,"Boven",0
"Statia",2009,"346",,,,,,"Boven",
"Statia",2010,"346",,,,,,"Boven",
"Statia",2011,"346",11,23.0,0,0,0,"Boven",0
"Statia",2012,"346",5,,0,0,0,"Boven",0
"Statia",2013,"346",,,,,,"Boven",
"Statia",2009,"347",,,,,,"Boven",
"Statia",2010,"347",,,,,,"Boven",
"Statia",2011,"347",5,10.0,0,0,0,"Boven",0
"Statia",2012,"347",2,,0,0,0,"Boven",0
"Statia",2013,"347",2,,0,0,0,"Boven",0
"Statia",2009,"348",,,,,,"Boven",
"Statia",2010,"348",,,,,,"Boven",
"Statia",2011,"348",5,16.0,0,0,0,"Boven",0
"Statia",2012,"348",4,,0,0,0,"Boven",0
"Statia",2013,"348",7,,0,0,0,"Boven",0
"Statia",2009,"349",,,,,,"Boven",
"Statia",2010,"349",,,,,,"Boven",
"Statia",2011,"349",3,10.5,0,0,0,"Boven",0
"Statia",2012,"349",3,,0,0,0,"Boven",0
"Statia",2013,"349",3,,0,0,0,"Boven",0
"Statia",2009,"404",,,,,,"Boven",
"Statia",2010,"404",7,23.5,0,0,0,"Boven",0
"Statia",2011,"404",4,21.5,0,0,0,"Boven",0
"Statia",2012,"404",4,13.5,0,0,0,"Boven",0
"Statia",2013,"404",,,,,,"Boven",
"Statia",2009,"405",,,,,,"Boven",
"Statia",2010,"405",5,7.0,0,0,0,"Boven",0
"Statia",2011,"405",4,7.9,0,0,0,"Boven",0
"Statia",2012,"405",8,20.0,0,0,0,"Boven",0
"Statia",2013,"405",,,,,,"Boven",
"Statia",2009,"406",,,,,,"Boven",
"Statia",2010,"406",9,23.0,0,0,0,"Boven",0
"Statia",2011,"406",10,29.0,0,0,0,"Boven",0
"Statia",2012,"406",13,22.0,0,0,0,"Boven",0
"Statia",2013,"406",6,11.0,0,0,0,"Boven",0
"Statia",2009,"407",,,,,,"Boven",
"Statia",2010,"407",3,8.5,0,0,0,"Boven",0
"Statia",2011,"407",8,14.4,0,0,0,"Boven",0
"Statia",2012,"407",15,22.0,0,0,0,"Boven",0
"Statia",2013,"407",8,26.0,0,0,0,"Boven",0
"Statia",2009,"408",,,,,,"Boven",
"Statia",2010,"408",3,5.0,0,0,0,"Boven",0
"Statia",2011,"408",3,6.7,0,0,0,"Boven",0
"Statia",2012,"408",2,2.5,0,0,0,"Boven",0
"Statia",2013,"408",,,,,,"Boven",
"Statia",2009,"409",,,,,,"Boven",
"Statia",2010,"409",52,22.0,0,0,0,"Boven",0
"Statia",2011,"409",61,25.1,0,0,0,"Boven",0
"Statia",2012,"409",92,24.5,0,0,0,"Boven",0
"Statia",2013,"409",11,19.0,0,0,0,"Boven",0
"Statia",2009,"410",,,,,,"Boven",
"Statia",2010,"410",295,33.0,1,6,0,"Boven",1
"Statia",2011,"410",315,42.5,0,1,1,"Boven",1
"Statia",2012,"410",336,32.0,0,1,0,"Boven",1
"Statia",2013,"410",116,31.0,0,0,0,"Boven",0
"Statia",2009,"411",,,,,,"Boven",
"Statia",2010,"411",14,22.0,0,0,0,"Boven",0
"Statia",2011,"411",20,25.9,0,0,0,"Boven",0
"Statia",2012,"411",25,20.0,0,0,0,"Boven",0
"Statia",2013,"411",,,,,,"Boven",
"Statia",2009,"412",,,,,,"Boven",
"Statia",2010,"412",18,28.0,0,0,0,"Boven",0
"Statia",2011,"412",21,37.2,0,0,0,"Boven",0
"Statia",2012,"412",,,,,,"Boven",
"Statia",2013,"412",23,24.0,0,0,0,"Boven",0
"Statia",2009,"413",,,,,,"Boven",
"Statia",2010,"413",91,30.0,0,0,0,"Boven",0
"Statia",2011,"413",97,36.9,0,0,0,"Boven",0
"Statia",2012,"413",,,,,,"Boven",
"Statia",2013,"413",80,29.0,0,0,0,"Boven",0
"Statia",2009,"453",,,,,,"Boven",
"Statia",2010,"453",,,,,,"Boven",
"Statia",2011,"453",,,,,,"Boven",
"Statia",2012,"453",99,29.4,0,0,0,"Boven",0
"Statia",2013,"453",,,,,,"Boven",
"Statia",2009,"454",,,,,,"Boven",
"Statia",2010,"454",,,,,,"Boven",
"Statia",2011,"454",,,,,,"Boven",
"Statia",2012,"454",4,18.0,0,0,0,"Boven",0
"Statia",2013,"454",3,8.5,0,0,0,"Boven",0
"Statia",2009,"455",,,,,,"Boven",
"Statia",2010,"455",,,,,,"Boven",
"Statia",2011,"455",,,,,,"Boven",
"Statia",2012,"455",5,11.0,0,0,0,"Boven",0
"Statia",2013,"455",,,,,,"Boven",
"Statia",2009,"456",,,,,,"Boven",
"Statia",2010,"456",,,,,,"Boven",
"Statia",2011,"456",,,,,,"Boven",
"Statia",2012,"456",4,14.0,0,0,0,"Boven",0
"Statia",2013,"456",4,8.0,0,0,0,"Boven",0
"Statia",2009,"457",,,,,,"Boven",
"Statia",2010,"457",,,,,,"Boven",
"Statia",2011,"457",,,,,,"Boven",
"Statia",2012,"457",28,30.0,0,0,0,"Boven",0
"Statia",2013,"457",12,,0,0,0,"Boven",0
"Statia",2009,"458",,,,,,"Boven",
"Statia",2010,"458",,,,,,"Boven",
"Statia",2011,"458",,,,,,"Boven",
"Statia",2012,"458",58,32.0,0,0,0,"Boven",0
"Statia",2013,"458",52,,0,3,0,"Boven",1
"Statia",2009,"459",,,,,,"Boven",
"Statia",2010,"459",,,,,,"Boven",
"Statia",2011,"459",,,,,,"Boven",
"Statia",2012,"459",5,21.5,0,0,0,"Boven",0
"Statia",2013,"459",7,,0,0,0,"Boven",0
"Statia",2009,"460",,,,,,"Boven",
"Statia",2010,"460",,,,,,"Boven",
"Statia",2011,"460",,,,,,"Boven",
"Statia",2012,"460",3,14.0,0,0,0,"Boven",0
"Statia",2013,"460",3,,0,0,0,"Boven",0
"Statia",2009,"461",,,,,,"Boven",
"Statia",2010,"461",,,,,,"Boven",
"Statia",2011,"461",,,,,,"Boven",
"Statia",2012,"461",9,29.5,0,0,0,"Boven",0
"Statia",2013,"461",7,,0,1,0,"Boven",1
"Statia",2009,"462",,,,,,"Boven",
"Statia",2010,"462",,,,,,"Boven",
"Statia",2011,"462",,,,,,"Boven",
"Statia",2012,"462",16,25.0,1,0,0,"Boven",0
"Statia",2013,"462",17,,0,1,0,"Boven",1
"Statia",2009,"463",,,,,,"Boven",
"Statia",2010,"463",,,,,,"Boven",
"Statia",2011,"463",,,,,,"Boven",
"Statia",2012,"463",15,25.0,0,0,0,"Boven",0
"Statia",2013,"463",15,23.0,0,0,0,"Boven",0
"Statia",2009,"464",,,,,,"Boven",
"Statia",2010,"464",,,,,,"Boven",
"Statia",2011,"464",,,,,,"Boven",
"Statia",2012,"464",9,17.0,0,0,0,"Boven",0
"Statia",2013,"464",5,15.0,0,0,0,"Boven",0
"Statia",2013,"504",2,,0,0,0,"Boven",0
"Statia",2013,"524",14,,0,0,0,"Boven",0
"Statia",2013,"526",5,13.5,0,0,0,"Boven",0
"Statia",2013,,26,30.0,1,2,0,"Boven",1
"Statia",2013,,42,31.0,0,0,2,"Boven",0
"Saba",2011,"D1501",10,33.5,0,0,0,"Saba",0
"Saba",2014,"D1501",16,30.0,0,0,0,"Saba",0
"Saba",2011,"D1502",11,19.0,0,0,0,"Saba",0
"Saba",2014,"D1502",21,26.0,0,0,0,"Saba",0
"Saba",2011,"D1503",5,12.0,0,0,0,"Saba",0
"Saba",2011,"D1504",12,9.0,0,0,0,"Saba",0
"Saba",2011,"D1505",16,16.0,0,0,0,"Saba",0
"Saba",2011,"D1506",12,12.0,0,0,0,"Saba",0
"Saba",2011,"D1507",6,10.0,0,0,0,"Saba",0
"Saba",2011,"D1508",2,2.1,0,0,0,"Saba",0
"Saba",2011,"D1509",16,12.5,0,0,0,"Saba",0
"Saba",2011,"D1510",14,9.0,0,0,0,"Saba",0
"Saba",2011,"D1511",8,12.5,0,0,0,"Saba",0
"Saba",2011,"D1512",4,11.5,0,0,0,"Saba",0
"Saba",2011,"D1513",28,10.0,0,0,0,"Saba",0
"Saba",2011,"D1514",6,9.0,0,0,0,"Saba",0
"Saba",2011,"D1515",9,13.5,0,0,0,"Saba",0
"Saba",2011,"D1548",10,9.0,0,0,0,"Saba",0
"Saba",2011,"D1549",6,4.5,0,0,0,"Saba",0
"Saba",2011,"D1550",8,6.0,0,0,0,"Saba",0
"Saba",2011,"D1551",12,15.0,0,0,0,"Saba",0
"Saba",2011,"D1552",12,14.0,0,0,0,"Saba",0
"Saba",2011,"D1553",8,12.5,0,0,0,"Saba",0
"Saba",2011,"D1554",5,6.5,0,0,0,"Saba",0
"Saba",2011,"D1555",27,16.0,0,0,0,"Saba",0
"Saba",2011,"D1556",31,13.0,0,0,0,"Saba",0
"Saba",2011,"D1557",9,10.5,0,0,0,"Saba",0
"Saba",2014,"D1557",10,7.8,0,0,0,"Saba",0
"Saba",2011,"D1558",4,8.0,0,0,0,"Saba",0
"Saba",2011,"D1563",3,8.0,0,0,0,"Saba",0
"Saba",2011,"D1588",27,12.0,0,0,0,"Saba",0
"Saba",2014,"D1588",3,4.0,0,0,0,"Saba",0
"Saba",2011,"D1589",20,26.0,0,0,0,"Saba",0
"Saba",2011,"D1590",27,32.0,1,0,0,"Saba",0
"Saba",2014,"D1590",26,24.0,0,0,0,"Saba",0
"Saba",2011,"D1591",6,14.0,0,0,0,"Saba",0
"Saba",2011,"D1598",5,13.0,0,0,0,"Saba",0
"Saba",2014,"D1598",4,21.2,0,1,0,"Saba",1
"Saba",2011,"D1626",4,1.0,0,0,0,"Saba",0
"Saba",2011,"D1752",7,20.0,0,0,0,"Saba",0
"Saba",2011,"D1753",7,18.0,0,0,0,"Saba",0
"Saba",2011,"D1754",15,20.0,0,0,0,"Saba",0
"Saba",2011,"D1755",14,16.0,0,0,0,"Saba",0
"Saba",2011,,,,,,,"Saba",
"Saba",2011,"F1704",4,16.0,0,0,0,"Saba",0
"Saba",2011,"F1705",9,23.0,0,0,0,"Saba",0
"Saba",2011,"F1706",3,11.0,0,0,0,"Saba",0
"Saba",2011,"F1707",9,24.0,1,1,0,"Saba",1
"Saba",2011,"F1708",3,8.5,0,0,0,"Saba",0
"Saba",2011,"F1756",31,23.0,0,0,0,"Saba",0
"Saba",2011,"F1757",14,22.5,0,0,0,"Saba",0
"Saba",2011,"N1700",14,27.0,0,0,1,"Saba",0
"Saba",2011,"N1710",21,19.5,0,1,0,"Saba",1
"Saba",2011,"B1028",17,8.5,0,0,0,"Saba",0
"Saba",2014,"B1028",0,0.0,0,0,0,"Saba",0
"Saba",2011,"B1559",12,20.5,0,0,0,"Saba",0
"Saba",2011,"B1560",15,19.0,0,0,0,"Saba",0
"Saba",2011,"B1561",6,12.5,0,0,0,"Saba",0
"Saba",2011,"B1592a",6,19.0,0,1,0,"Saba",1
"Saba",2011,"B1592b",3,14.5,0,0,0,"Saba",0
"Saba",2014,"B1592b",4,11.0,0,0,0,"Saba",0
"Saba",2011,"B1592c",3,8.0,0,0,0,"Saba",0
"Saba",2014,"B1592c",4,10.5,0,0,0,"Saba",0
"Saba",2011,"B1592d",3,10.0,0,0,0,"Saba",0
"Saba",2014,"B1592d",4,8.0,0,0,0,"Saba",0
"Saba",2011,"B1592e",3,9.0,0,0,0,"Saba",0
"Saba",2014,"B1592e",5,11.0,0,0,0,"Saba",0
"Saba",2011,"B1592f",4,15.0,0,0,0,"Saba",0
"Saba",2014,"B1592f",0,0.0,0,0,0,"Saba",0
"Saba",2011,"B1592g",5,11.0,0,0,0,"Saba",0
"Saba",2014,"B1592g",12,23.5,0,1,0,"Saba",1
"Saba",2011,"B1709",3,8.5,0,0,0,"Saba",0
"Saba",2011,"B1758",9,18.0,0,0,0,"Saba",0
"Saba",2012,"B2642",34,19.5,0,0,0,"Saba",0
"Saba",2014,"B2642",40,29.0,0,0,0,"Saba",0
"Saba",2012,"B2643",5,24.5,0,0,0,"Saba",0
"Saba",2012,"B2644",61,23.5,0,0,0,"Saba",0
"Saba",2012,"B2645",4,8.5,0,0,0,"Saba",0
"Saba",2012,"B2646",3,19.0,0,0,0,"Saba",0
"Saba",2012,"B2647",2,14.5,0,0,0,"Saba",0
"Saba",2012,"B2650",9,,0,0,0,"Saba",0
"Statia",2009,"101",30,32.0,0,0,0,"Quill",0
"Statia",2010,"101",37,31.0,2,3,1,"Quill",1
"Statia",2011,"101",41,32.2,0,0,1,"Quill",0
"Statia",2012,"101",52,36.0,0,0,0,"Quill",0
"Statia",2013,"101",28,26.0,1,0,0,"Quill",0
"Statia",2009,"102",6,22.0,0,1,0,"Quill",1
"Statia",2010,"102",5,26.0,1,0,0,"Quill",0
"Statia",2011,"102",7,30.0,0,0,0,"Quill",0
"Statia",2012,"102",9,29.5,0,0,0,"Quill",0
"Statia",2013,"102",,,,,,"Quill",
"Statia",2009,"103",9,22.0,0,0,0,"Quill",0
"Statia",2010,"103",8,28.0,0,1,0,"Quill",1
"Statia",2011,"103",11,25.5,0,0,0,"Quill",0
"Statia",2012,"103",14,35.5,0,0,0,"Quill",0
"Statia",2013,"103",,,,,,"Quill",
"Statia",2009,"104",,,,,,"Quill",
"Statia",2010,"104",4,12.5,0,0,0,"Quill",0
"Statia",2011,"104",13,29.0,0,0,0,"Quill",0
"Statia",2012,"104",,,,,,"Quill",
"Statia",2013,"104",,,,,,"Quill",
"Statia",2009,"105",10,23.0,0,0,0,"Quill",0
"Statia",2010,"105",12,30.0,2,0,0,"Quill",0
"Statia",2011,"105",14,18.8,0,0,0,"Quill",0
"Statia",2012,"105",16,26.0,0,1,0,"Quill",1
"Statia",2013,"105",18,22.0,0,0,0,"Quill",0
"Statia",2009,"106",45,28.0,1,1,0,"Quill",1
"Statia",2010,"106",25,31.0,0,0,0,"Quill",0
"Statia",2011,"106",16,41.6,0,0,0,"Quill",0
"Statia",2012,"106",,,,,,"Quill",
"Statia",2013,"106",7,,,,,"Quill",
"Statia",2009,"107",,,,,,"Quill",
"Statia",2010,"107",15,36.0,0,0,0,"Quill",0
"Statia",2011,"107",16,46.0,0,0,0,"Quill",0
"Statia",2012,"107",,,,,,"Quill",
"Statia",2013,"107",,,,,,"Quill",
"Statia",2009,"108",62,32.0,1,0,0,"Quill",0
"Statia",2010,"108",47,37.0,1,1,0,"Quill",1
"Statia",2011,"108",58,42.9,0,0,0,"Quill",0
"Statia",2012,"108",61,38.5,0,0,0,"Quill",0
"Statia",2013,"108",64,30.0,0,1,0,"Quill",1
"Statia",2009,"109",5,14.0,0,0,0,"Quill",0
"Statia",2010,"109",4,15.0,0,0,0,"Quill",0
"Statia",2011,"109",5,11.9,0,0,0,"Quill",0
"Statia",2012,"109",4,11.0,0,0,0,"Quill",0
"Statia",2013,"109",4,11.0,0,0,0,"Quill",0
"Statia",2009,"110",34,35.0,0,0,0,"Quill",0
"Statia",2010,"110",51,42.5,1,0,0,"Quill",0
"Statia",2011,"110",61,42.1,0,0,0,"Quill",0
"Statia",2012,"110",69,39.0,0,0,0,"Quill",0
"Statia",2013,"110",79,30.0,0,0,0,"Quill",0
"Statia",2009,"111",4,17.0,0,0,0,"Quill",0
"Statia",2010,"111",3,15.0,1,0,0,"Quill",0
"Statia",2011,"111",3,17.9,0,0,0,"Quill",0
"Statia",2012,"111",3,13.0,0,0,0,"Quill",0
"Statia",2013,"111",3,14.0,0,0,0,"Quill",0
"Statia",2009,"112",4,17.0,0,0,0,"Quill",0
"Statia",2010,"112",5,17.0,0,0,0,"Quill",0
"Statia",2011,"112",6,16.5,0,0,0,"Quill",0
"Statia",2012,"112",5,20.0,0,0,0,"Quill",0
"Statia",2013,"112",5,20.0,0,0,0,"Quill",0
"Statia",2009,"113",154,28.0,0,0,0,"Quill",0
"Statia",2010,"113",150,33.0,0,3,0,"Quill",1
"Statia",2011,"113",89,39.4,0,0,0,"Quill",0
"Statia",2012,"113",88,35.0,0,1,0,"Quill",1
"Statia",2013,"113",120,24.0,0,0,0,"Quill",0
"Statia",2009,"114",32,19.0,0,0,0,"Quill",0
"Statia",2010,"114",27,30.0,0,2,0,"Quill",1
"Statia",2011,"114",85,44.8,0,0,0,"Quill",0
"Statia",2012,"114",16,32.0,0,1,0,"Quill",1
"Statia",2013,"114",19,22.5,0,0,0,"Quill",0
"Statia",2009,"115",51,26.5,2,0,0,"Quill",0
"Statia",2010,"115",47,37.0,1,2,0,"Quill",1
"Statia",2011,"115",51,35.4,0,0,0,"Quill",0
"Statia",2012,"115",66,27.5,0,0,0,"Quill",0
"Statia",2013,"115",20,25.5,0,0,0,"Quill",0
"Statia",2009,"116",41,25.0,1,0,0,"Quill",0
"Statia",2010,"116",41,25.0,0,0,0,"Quill",0
"Statia",2011,"116",8,24.3,0,0,0,"Quill",0
"Statia",2012,"116",,,,,,"Quill",
"Statia",2013,"116",8,27.0,0,0,0,"Quill",0
"Statia",2009,"117",6,20.0,0,0,0,"Quill",0
"Statia",2010,"117",6,20.0,0,1,1,"Quill",1
"Statia",2011,"117",7,25.2,0,0,0,"Quill",0
"Statia",2012,"117",10,20.0,0,1,0,"Quill",1
"Statia",2013,"117",9,15.0,0,0,0,"Quill",0
"Statia",2009,"118",44,27.0,0,0,0,"Quill",0
"Statia",2010,"118",63,26.0,0,1,0,"Quill",1
"Statia",2011,"118",58,33.8,0,0,0,"Quill",0
"Statia",2012,"118",,,,,,"Quill",
"Statia",2013,"118",,,,,,"Quill",
"Statia",2009,"119",6,15.0,0,0,0,"Quill",0
"Statia",2010,"119",6,13.0,0,0,0,"Quill",0
"Statia",2011,"119",11,18.2,0,0,0,"Quill",0
"Statia",2012,"119",5,13.5,0,0,0,"Quill",0
"Statia",2013,"119",,,,,,"Quill",
"Statia",2009,"120",4,17.5,0,0,0,"Quill",0
"Statia",2010,"120",4,17.0,0,0,0,"Quill",0
"Statia",2011,"120",5,25.3,0,0,0,"Quill",0
"Statia",2012,"120",7,23.0,0,0,0,"Quill",0
"Statia",2013,"120",2,14.3,0,0,0,"Quill",0
"Statia",2009,"121",5,8.0,0,0,0,"Quill",0
"Statia",2010,"121",7,9.5,0,0,0,"Quill",0
"Statia",2011,"121",5,13.6,0,0,0,"Quill",0
"Statia",2012,"121",9,5.0,0,0,0,"Quill",0
"Statia",2013,"121",4,6.6,0,0,0,"Quill",0
"Statia",2009,"122",3,14.0,0,0,0,"Quill",0
"Statia",2010,"122",3,18.0,0,0,0,"Quill",0
"Statia",2011,"122",7,19.8,0,0,0,"Quill",0
"Statia",2012,"122",4,3.8,0,0,0,"Quill",0
"Statia",2013,"122",4,4.2,0,0,0,"Quill",0
"Statia",2009,"123",4,21.0,0,0,0,"Quill",0
"Statia",2010,"123",0,0.0,0,0,0,"Quill",0
"Statia",2011,"123",3,20.5,0,0,0,"Quill",0
"Statia",2012,"123",,,,,,"Quill",
"Statia",2013,"123",,,,,,"Quill",
"Statia",2009,"124",6,15.5,0,0,0,"Quill",0
"Statia",2010,"124",5,15.5,0,0,0,"Quill",0
"Statia",2011,"124",5,20.5,0,0,0,"Quill",0
"Statia",2012,"124",6,21.0,0,0,0,"Quill",0
"Statia",2013,"124",3,15.0,0,0,0,"Quill",0
"Statia",2009,"125",12,16.0,0,0,0,"Quill",0
"Statia",2010,"125",11,17.0,0,0,0,"Quill",0
"Statia",2011,"125",16,22.7,0,0,0,"Quill",0
"Statia",2012,"125",8,26.0,0,0,0,"Quill",0
"Statia",2013,"125",6,13.5,0,0,0,"Quill",0
"Statia",2009,"126",22,25.0,0,0,0,"Quill",0
"Statia",2010,"126",23,25.0,0,0,0,"Quill",0
"Statia",2011,"126",27,28.2,0,0,0,"Quill",0
"Statia",2012,"126",28,29.0,0,0,0,"Quill",0
"Statia",2013,"126",12,16.1,0,0,0,"Quill",0
"Statia",2009,"127",4,21.0,0,0,0,"Quill",0
"Statia",2010,"127",5,19.0,0,0,0,"Quill",0
"Statia",2011,"127",6,32.6,0,0,0,"Quill",0
"Statia",2012,"127",6,15.0,0,0,0,"Quill",0
"Statia",2013,"127",6,19.3,0,0,0,"Quill",0
"Statia",2009,"128",4,21.5,0,0,0,"Quill",0
"Statia",2010,"128",3,21.0,0,0,0,"Quill",0
"Statia",2011,"128",5,25.4,0,0,0,"Quill",0
"Statia",2012,"128",6,26.0,0,0,0,"Quill",0
"Statia",2013,"128",3,9.4,0,0,0,"Quill",0
"Statia",2009,"129",33,31.0,0,0,0,"Quill",0
"Statia",2010,"129",26,25.0,0,1,0,"Quill",1
"Statia",2011,"129",31,35.9,0,3,0,"Quill",1
"Statia",2012,"129",26,26.5,0,2,0,"Quill",1
"Statia",2013,"129",10,22.0,0,1,0,"Quill",1
"Statia",2009,"130",,,,,,"Quill",
"Statia",2010,"130",0,0.0,0,0,0,"Quill",0
"Statia",2011,"130",0,0.0,0,0,0,"Quill",0
"Statia",2012,"130",,,,,,"Quill",
"Statia",2013,"130",,,,,,"Quill",
"Statia",2009,"131",6,22.0,0,0,0,"Quill",0
"Statia",2010,"131",7,22.0,1,1,0,"Quill",1
"Statia",2011,"131",10,29.2,0,0,0,"Quill",0
"Statia",2012,"131",8,20.0,0,0,0,"Quill",0
"Statia",2013,"131",6,23.0,0,0,0,"Quill",0
"Statia",2009,"132",22,25.0,0,0,0,"Quill",0
"Statia",2010,"132",26,28.0,0,1,0,"Quill",1
"Statia",2011,"132",25,35.1,0,0,0,"Quill",0
"Statia",2012,"132",30,29.0,0,0,0,"Quill",0
"Statia",2013,"132",18,24.0,0,0,0,"Quill",0
"Statia",2009,"133",11,21.0,0,0,0,"Quill",0
"Statia",2010,"133",8,23.0,0,0,0,"Quill",0
"Statia",2011,"133",9,31.0,0,0,0,"Quill",0
"Statia",2012,"133",10,25.5,0,1,0,"Quill",1
"Statia",2013,"133",12,22.0,0,0,0,"Quill",0
"Statia",2009,"134",12,23.5,0,0,0,"Quill",0
"Statia",2010,"134",12,24.0,0,0,0,"Quill",0
"Statia",2011,"134",17,30.3,0,0,0,"Quill",0
"Statia",2012,"134",21,31.5,0,0,0,"Quill",0
"Statia",2013,"134",7,14.2,0,0,0,"Quill",0
"Statia",2009,"135",5,22.0,0,0,0,"Quill",0
"Statia",2010,"135",7,28.5,0,1,0,"Quill",1
"Statia",2011,"135",11,33.5,0,0,0,"Quill",0
"Statia",2012,"135",12,23.0,0,0,0,"Quill",0
"Statia",2013,"135",4,19.0,0,0,0,"Quill",0
"Statia",2009,"136",5,14.0,0,0,0,"Quill",0
"Statia",2010,"136",6,14.0,0,0,0,"Quill",0
"Statia",2011,"136",8,15.3,0,0,0,"Quill",0
"Statia",2012,"136",9,16.0,0,0,0,"Quill",0
"Statia",2013,"136",3,10.1,0,0,0,"Quill",0
"Statia",2009,"137",11,24.5,0,0,0,"Quill",0
"Statia",2010,"137",12,25.0,0,0,0,"Quill",0
"Statia",2011,"137",14,28.0,0,0,0,"Quill",0
"Statia",2012,"137",18,25.0,0,0,0,"Quill",0
"Statia",2013,"137",3,17.6,0,0,0,"Quill",0
"Statia",2009,"138",5,22.0,0,0,0,"Quill",0
"Statia",2010,"138",6,22.3,0,0,0,"Quill",0
"Statia",2011,"138",4,26.7,0,0,0,"Quill",0
"Statia",2012,"138",,,,,,"Quill",
"Statia",2013,"138",6,21.0,0,0,0,"Quill",0
"Statia",2009,"139",21,20.0,0,0,0,"Quill",0
"Statia",2010,"139",30,19.0,1,0,0,"Quill",0
"Statia",2011,"139",24,30.3,0,0,0,"Quill",0
"Statia",2012,"139",21,24.0,0,0,0,"Quill",0
"Statia",2013,"139",25,23.0,0,0,0,"Quill",0
"Statia",2009,"140",16,21.5,0,0,0,"Quill",0
"Statia",2010,"140",19,21.0,1,0,1,"Quill",0
"Statia",2011,"140",19,32.3,0,0,0,"Quill",0
"Statia",2012,"140",21,27.0,0,0,0,"Quill",0
"Statia",2013,"140",23,22.0,0,0,0,"Quill",0
"Statia",2009,"141",10,21.0,0,0,0,"Quill",0
"Statia",2010,"141",10,22.5,1,0,0,"Quill",0
"Statia",2011,"141",12,32.8,0,0,0,"Quill",0
"Statia",2012,"141",12,28.5,0,0,0,"Quill",0
"Statia",2013,"141",16,25.0,0,0,0,"Quill",0
"Statia",2009,"142",7,14.5,0,0,0,"Quill",0
"Statia",2010,"142",14,16.5,0,0,0,"Quill",0
"Statia",2011,"142",8,20.0,0,0,0,"Quill",0
"Statia",2012,"142",2,14.0,0,0,0,"Quill",0
"Statia",2013,"142",,,,,,"Quill",
"Statia",2009,"143",3,11.0,0,0,0,"Quill",0
"Statia",2010,"143",2,14.5,0,0,0,"Quill",0
"Statia",2011,"143",3,20.0,0,0,0,"Quill",0
"Statia",2012,"143",,,,,,"Quill",
"Statia",2013,"143",,,,,,"Quill",
"Statia",2009,"144",3,12.5,0,0,0,"Quill",0
"Statia",2010,"144",6,13.1,0,0,0,"Quill",0
"Statia",2011,"144",6,18.6,0,0,0,"Quill",0
"Statia",2012,"144",1,6.0,0,0,0,"Quill",0
"Statia",2013,"144",1,,,,,"Quill",
"Statia",2009,"145",7,29.5,1,0,0,"Quill",0
"Statia",2010,"145",10,30.0,0,1,0,"Quill",1
"Statia",2011,"145",10,37.8,0,0,0,"Quill",0
"Statia",2012,"145",10,25.0,0,0,0,"Quill",0
"Statia",2013,"145",4,23.0,0,0,0,"Quill",0
"Statia",2009,"146",7,19.5,0,0,0,"Quill",0
"Statia",2010,"146",8,25.0,0,0,0,"Quill",0
"Statia",2011,"146",7,27.5,0,0,0,"Quill",0
"Statia",2012,"146",5,8.0,0,0,0,"Quill",0
"Statia",2013,"146",,,,,,"Quill",
"Statia",2009,"147",3,20.0,0,0,0,"Quill",0
"Statia",2010,"147",5,20.5,0,0,0,"Quill",0
"Statia",2011,"147",6,22.6,0,0,0,"Quill",0
"Statia",2012,"147",3,25.5,0,0,0,"Quill",0
"Statia",2013,"147",,,,,,"Quill",
"Statia",2009,"148",17,23.0,0,0,0,"Quill",0
"Statia",2010,"148",20,22.0,1,3,0,"Quill",1
"Statia",2011,"148",23,28.6,0,0,0,"Quill",0
"Statia",2012,"148",10,19.0,0,0,0,"Quill",0
"Statia",2013,"148",,,,,,"Quill",
"Statia",2009,"149",3,16.0,0,0,0,"Quill",0
"Statia",2010,"149",3,10.0,0,0,0,"Quill",0
"Statia",2011,"149",3,13.7,0,0,0,"Quill",0
"Statia",2012,"149",2,14.0,0,0,0,"Quill",0
"Statia",2013,"149",,,,,,"Quill",
"Statia",2009,"150",6,19.5,0,0,0,"Quill",0
"Statia",2010,"150",5,6.0,0,0,0,"Quill",0
"Statia",2011,"150",4,9.2,0,0,0,"Quill",0
"Statia",2012,"150",,,,,,"Quill",
"Statia",2013,"150",,,,,,"Quill",
"Statia",2009,"151",3,15.0,0,0,0,"Quill",0
"Statia",2010,"151",1,7.5,0,0,0,"Quill",0
"Statia",2011,"151",2,6.0,0,0,0,"Quill",0
"Statia",2012,"151",,,,,,"Quill",
"Statia",2013,"151",,,,,,"Quill",
"Statia",2009,"152",20,38.0,0,0,0,"Quill",0
"Statia",2010,"152",19,31.0,0,1,0,"Quill",1
"Statia",2011,"152",18,37.3,0,0,0,"Quill",0
"Statia",2012,"152",15,24.0,0,0,0,"Quill",0
"Statia",2013,"152",,,,,,"Quill",
"Statia",2009,"153",3,9.0,0,0,0,"Quill",0
"Statia",2010,"153",3,2.2,0,0,0,"Quill",0
"Statia",2011,"153",2,4.9,0,0,0,"Quill",0
"Statia",2012,"153",1,6.0,0,0,0,"Quill",0
"Statia",2013,"153",2,2.0,0,0,0,"Quill",0
"Statia",2009,"154",5,13.5,0,0,0,"Quill",0
"Statia",2010,"154",5,19.0,0,0,0,"Quill",0
"Statia",2011,"154",6,27.4,0,0,0,"Quill",0
"Statia",2012,"154",,,,,,"Quill",
"Statia",2013,"154",,,,,,"Quill",
"Statia",2009,"155",2,15.0,0,0,0,"Quill",0
"Statia",2010,"155",2,12.0,0,0,0,"Quill",0
"Statia",2011,"155",3,16.1,0,0,0,"Quill",0
"Statia",2012,"155",,,,,,"Quill",
"Statia",2013,"155",,,,,,"Quill",
"Statia",2009,"156",3,10.0,0,0,0,"Quill",0
"Statia",2010,"156",3,3.5,0,0,0,"Quill",0
"Statia",2011,"156",3,9.0,0,0,0,"Quill",0
"Statia",2012,"156",4,7.0,0,0,0,"Quill",0
"Statia",2013,"156",,,,,,"Quill",
"Statia",2009,"157",6,21.5,0,0,0,"Quill",0
"Statia",2010,"157",9,22.0,0,1,0,"Quill",1
"Statia",2011,"157",13,27.2,0,0,0,"Quill",0
"Statia",2012,"157",,,,,,"Quill",
"Statia",2013,"157",,,,,,"Quill",
"Statia",2009,"158",6,37.5,0,0,0,"Quill",0
"Statia",2010,"158",8,27.5,0,0,0,"Quill",0
"Statia",2011,"158",9,34.9,0,1,0,"Quill",1
"Statia",2012,"158",10,24.5,0,1,0,"Quill",1
"Statia",2013,"158",2,9.0,0,0,0,"Quill",0
"Statia",2009,"159",24,30.0,0,0,0,"Quill",0
"Statia",2010,"159",3,1.3,0,0,0,"Quill",0
"Statia",2011,"159",,,,,,"Quill",
"Statia",2012,"159",,,,,,"Quill",
"Statia",2013,"159",,,,,,"Quill",
"Statia",2010,"160",,,,,,"Quill",
"Statia",2011,"160",34,28.0,0,0,0,"Quill",0
"Statia",2012,"160",,,,,,"Quill",
"Statia",2013,"160",,,,,,"Quill",
"Statia",2010,"161",,,,,,"Quill",
"Statia",2011,"161",52,31.0,0,0,0,"Quill",0
"Statia",2012,"161",56,30.0,0,1,0,"Quill",1
"Statia",2013,"161",26,20.0,0,0,0,"Quill",0
"Statia",2010,"162",17,30.5,0,0,0,"Quill",0
"Statia",2011,"162",19,36.0,0,0,0,"Quill",0
"Statia",2012,"162",18,36.5,0,0,0,"Quill",0
"Statia",2013,"162",7,25.5,0,0,0,"Quill",0
"Statia",2010,"163",45,28.0,0,0,0,"Quill",0
"Statia",2011,"163",47,35.2,0,1,0,"Quill",1
"Statia",2012,"163",64,38.0,0,0,0,"Quill",0
"Statia",2013,"163",5,19.5,0,0,0,"Quill",0
"Statia",2010,"164",,,,,,"Quill",
"Statia",2011,"164",0,44.5,0,0,0,"Quill",0
"Statia",2012,"164",,,,,,"Quill",
"Statia",2013,"164",,,,,,"Quill",
"Statia",2010,"165",,,,,,"Quill",
"Statia",2011,"165",7,8.7,0,0,0,"Quill",0
"Statia",2012,"165",,,,,,"Quill",
"Statia",2013,"165",40,33.0,0,0,0,"Quill",0
"Statia",2010,"166",,,,,,"Quill",
"Statia",2011,"166",42,42.2,0,0,0,"Quill",0
"Statia",2012,"166",,,,,,"Quill",
"Statia",2013,"166",31,27.5,0,1,0,"Quill",1
"Statia",2010,"168",,,,,,"Quill",
"Statia",2011,"168",15,40.5,0,0,0,"Quill",0
"Statia",2012,"168",,,,,,"Quill",
"Statia",2013,"168",,,,,,"Quill",
"Statia",2010,"169",,,,,,"Quill",
"Statia",2011,"169",0,0.0,0,0,0,"Quill",0
"Statia",2012,"169",,,,,,"Quill",
"Statia",2013,"169",,,,,,"Quill",
"Statia",2010,"170",21,25.5,0,0,0,"Quill",0
"Statia",2011,"170",0,0.0,0,0,0,"Quill",0
"Statia",2012,"170",11,26.5,0,0,0,"Quill",0
"Statia",2013,"170",10,20.0,0,0,0,"Quill",0
"Statia",2010,"171",,,,,,"Quill",
"Statia",2011,"171",0,0.0,0,0,0,"Quill",0
"Statia",2012,"171",,,,,,"Quill",
"Statia",2013,"171",,,,,,"Quill",
"Statia",2010,"173",,,,,,"Quill",
"Statia",2011,"173",11,24.6,0,0,0,"Quill",0
"Statia",2012,"173",,,,,,"Quill",
"Statia",2013,"173",2,15.5,0,0,0,"Quill",0
"Statia",2010,"175",85,23.0,0,0,0,"Quill",0
"Statia",2011,"175",85,34.4,0,0,0,"Quill",0
"Statia",2012,"175",98,29.0,0,0,0,"Quill",0
"Statia",2013,"175",63,24.3,0,1,0,"Quill",1
"Statia",2010,"176",4,15.0,0,0,0,"Quill",0
"Statia",2011,"176",5,18.5,0,0,0,"Quill",0
"Statia",2012,"176",6,17.0,0,0,0,"Quill",0
"Statia",2013,"176",1,6.1,0,0,0,"Quill",0
"Statia",2010,"177",71,29.0,0,0,0,"Quill",0
"Statia",2011,"177",72,40.0,0,2,1,"Quill",1
"Statia",2012,"177",83,29.0,0,1,2,"Quill",1
"Statia",2013,"177",91,26.2,0,1,0,"Quill",1
"Statia",2010,"178",48,26.0,0,0,0,"Quill",0
"Statia",2011,"178",46,33.7,0,0,0,"Quill",0
"Statia",2012,"178",57,29.0,0,0,0,"Quill",0
"Statia",2013,"178",34,25.6,0,0,0,"Quill",0
"Statia",2010,"179",,,,,,"Quill",
"Statia",2011,"179",0,0.0,0,0,0,"Quill",0
"Statia",2012,"179",,,,,,"Quill",
"Statia",2013,"179",8,22.0,0,0,0,"Quill",0
"Statia",2010,"181",,,,,,"Quill",
"Statia",2011,"181",0,0.0,0,0,0,"Quill",0
"Statia",2012,"181",,,,,,"Quill",
"Statia",2013,"181",,,,,,"Quill",
"Statia",2010,"182",,,,,,"Quill",
"Statia",2011,"182",2,2.2,0,0,0,"Quill",0
"Statia",2012,"182",5,,0,0,0,"Quill",0
"Statia",2013,"182",6,4.0,0,0,0,"Quill",0
"Statia",2010,"183",,,,,,"Quill",
"Statia",2011,"183",0,0.0,0,0,0,"Quill",0
"Statia",2012,"183",,,,,,"Quill",
"Statia",2013,"183",,,,,,"Quill",
"Statia",2010,"184",,,,,,"Quill",
"Statia",2011,"184",5,8.1,0,0,0,"Quill",0
"Statia",2012,"184",,,,,,"Quill",
"Statia",2013,"184",,,,,,"Quill",
"Statia",2010,"185",,,,,,"Quill",
"Statia",2011,"185",3,20.8,0,0,0,"Quill",0
"Statia",2012,"185",5,,0,0,0,"Quill",0
"Statia",2013,"185",,,,,,"Quill",
"Statia",2011,"186",0,0.0,0,0,0,"Quill",0
"Statia",2012,"186",6,,0,0,0,"Quill",0
"Statia",2013,"186",,,,,,"Quill",
"Statia",2011,"190",0,0.0,0,0,0,"Quill",0
"Statia",2012,"190",42,,0,0,0,"Quill",0
"Statia",2013,"190",54,28.0,0,0,1,"Quill",0
"Statia",2010,"191",,,,,,"Quill",
"Statia",2011,"191",0,0.0,0,0,0,"Quill",0
"Statia",2012,"191",4,,0,0,0,"Quill",0
"Statia",2013,"191",4,5.5,0,0,0,"Quill",0
"Statia",2010,"192",,,,,,"Quill",
"Statia",2011,"192",0,0.0,0,0,0,"Quill",0
"Statia",2012,"192",17,,0,0,0,"Quill",0
"Statia",2013,"192",21,16.5,0,0,0,"Quill",0
"Statia",2010,"193",,,,,,"Quill",
"Statia",2011,"193",0,0.0,0,0,0,"Quill",0
"Statia",2012,"193",,,,,,"Quill",
"Statia",2013,"193",7,5.5,0,0,0,"Quill",0
"Statia",2010,"277",,,,,,"Quill",
"Statia",2011,"277",0,0.0,0,0,0,"Quill",0
"Statia",2012,"277",20,,0,0,0,"Quill",0
"Statia",2013,"277",24,,0,0,0,"Quill",0
"Statia",2010,"280",,,,,,"Quill",
"Statia",2011,"280",0,0.0,0,0,0,"Quill",0
"Statia",2012,"280",,,,,,"Quill",
"Statia",2013,"280",,,,,,"Quill",
"Statia",2010,"281",,,,,,"Quill",
"Statia",2011,"281",0,0.0,0,0,0,"Quill",0
"Statia",2012,"281",,,,,,"Quill",
"Statia",2013,"281",,,,,,"Quill",
"Statia",2010,"282",,,,,,"Quill",
"Statia",2011,"282",0,0.0,0,0,0,"Quill",0
"Statia",2012,"282",,,,,,"Quill",
"Statia",2013,"282",,,,,,"Quill",
"Statia",2010,"284",9,14.8,0,0,0,"Quill",0
"Statia",2011,"284",11,16.3,0,0,0,"Quill",0
"Statia",2012,"284",10,25.0,0,0,0,"Quill",0
"Statia",2013,"284",4,17.5,0,0,0,"Quill",0
"Statia",2011,"287",0,0.0,0,0,0,"Quill",0
"Statia",2012,"287",,,,,,"Quill",
"Statia",2013,"287",,,,,,"Quill",
"Statia",2010,"288",,,,,,"Quill",
"Statia",2011,"288",0,0.0,0,0,0,"Quill",0
"Statia",2012,"288",50,,0,0,0,"Quill",0
"Statia",2013,"288",40,,0,0,0,"Quill",0
"Statia",2010,"289",,,,,,"Quill",
"Statia",2011,"289",0,0.0,0,0,0,"Quill",0
"Statia",2012,"289",50,,0,1,0,"Quill",1
"Statia",2013,"289",30,,0,0,0,"Quill",0
"Statia",2011,"293",0,0.0,0,0,0,"Quill",0
"Statia",2012,"293",2,8.5,0,0,0,"Quill",0
"Statia",2013,"293",,,,,,"Quill",
"Statia",2011,"299",0,0.0,0,0,0,"Quill",0
"Statia",2012,"299",,,,,,"Quill",
"Statia",2013,"299",,,,,,"Quill",
"Statia",2010,"301",5,3.0,0,0,0,"Quill",0
"Statia",2011,"301",3,4.0,0,0,0,"Quill",0
"Statia",2012,"301",2,3.0,0,0,0,"Quill",0
"Statia",2013,"301",,,,,,"Quill",
"Statia",2010,"302",5,13.0,0,0,0,"Quill",0
"Statia",2011,"302",5,14.5,0,0,0,"Quill",0
"Statia",2012,"302",9,18.5,0,0,0,"Quill",0
"Statia",2013,"302",3,5.0,0,0,0,"Quill",0
"Statia",2010,"303",10,20.5,0,0,0,"Quill",0
"Statia",2011,"303",14,28.9,0,0,0,"Quill",0
"Statia",2012,"303",9,18.5,0,0,0,"Quill",0
"Statia",2013,"303",10,12.2,0,0,0,"Quill",0
"Statia",2010,"304",41,28.5,0,0,0,"Quill",0
"Statia",2011,"304",51,30.3,0,0,0,"Quill",0
"Statia",2012,"304",60,35.0,0,0,0,"Quill",0
"Statia",2013,"304",40,27.0,0,0,0,"Quill",0
"Statia",2010,"305",5,26.0,0,0,0,"Quill",0
"Statia",2011,"305",6,33.2,0,0,0,"Quill",0
"Statia",2012,"305",6,30.0,0,1,0,"Quill",1
"Statia",2013,"305",5,26.0,0,0,0,"Quill",0
"Statia",2010,"306",8,22.0,0,0,0,"Quill",0
"Statia",2011,"306",7,28.5,0,0,0,"Quill",0
"Statia",2012,"306",5,15.0,1,0,0,"Quill",0
"Statia",2013,"306",6,15.0,0,0,0,"Quill",0
"Statia",2010,"307",5,15.5,0,0,0,"Quill",0
"Statia",2011,"307",5,15.5,0,0,0,"Quill",0
"Statia",2012,"307",7,17.0,0,0,0,"Quill",0
"Statia",2013,"307",,,,,,"Quill",
"Statia",2010,"308",5,13.5,0,0,0,"Quill",0
"Statia",2011,"308",6,17.2,0,0,0,"Quill",0
"Statia",2012,"308",5,13.0,0,0,0,"Quill",0
"Statia",2013,"308",,,,,,"Quill",
"Statia",2010,"309",13,29.5,0,0,0,"Quill",0
"Statia",2011,"309",14,32.1,0,0,0,"Quill",0
"Statia",2012,"309",,,,,,"Quill",
"Statia",2013,"309",7,25.8,0,0,0,"Quill",0
"Statia",2010,"310",4,11.0,0,0,0,"Quill",0
"Statia",2011,"310",0,0.0,0,0,0,"Quill",0
"Statia",2012,"310",2,12.5,0,0,0,"Quill",0
"Statia",2013,"310",,,,,,"Quill",
"Statia",2011,"311",0,0.0,0,0,0,"Quill",0
"Statia",2012,"311",8,30.0,0,0,1,"Quill",0
"Statia",2013,"311",10,24.0,0,0,0,"Quill",0
"Statia",2010,"315",11,29.5,0,1,0,"Quill",1
"Statia",2011,"315",0,0.0,0,0,0,"Quill",0
"Statia",2012,"315",,,,,,"Quill",
"Statia",2013,"315",,,,,,"Quill",
"Statia",2011,"414",10,30.0,0,2,0,"Quill",1
"Statia",2012,"414",,,,,,"Quill",
"Statia",2013,"414",,,,,,"Quill",
"Statia",2011,"465",0,0.0,0,0,0,"Quill",0
"Statia",2012,"465",95,36.0,0,3,0,"Quill",1
"Statia",2013,"465",39,27.5,0,0,0,"Quill",0
"Statia",2011,"466",0,0.0,0,0,0,"Quill",0
"Statia",2012,"466",5,26.5,0,0,0,"Quill",0
"Statia",2013,"466",,,,,,"Quill",
"Statia",2013,"501",5,10.0,0,0,0,"Quill",0
"Statia",2013,"502",1,4.5,0,0,0,"Quill",0
"Statia",2013,"512",35,30.0,0,0,0,"Quill",0
"Statia",2013,"514",4,2.5,0,0,0,"Quill",0
"Saba",2011,"S1001",35,20.0,0,3,0,"Saba",1
"Saba",2011,"S1002",20,,0,0,0,"Saba",0
"Saba",2011,"S1003",,22.0,0,0,1,"Saba",0
"Saba",2011,"S1004",60,17.0,0,1,0,"Saba",1
"Saba",2011,"S1005",10,20.0,0,0,0,"Saba",0
"Saba",2011,"S1006",4,6.0,0,0,0,"Saba",0
"Saba",2012,"S1006",2,13.5,0,0,0,"Saba",0
"Saba",2011,"S1007",4,7.0,0,0,0,"Saba",0
"Saba",2012,"S1007",3,2.0,0,0,0,"Saba",0
"Saba",2011,"S1008",7,7.5,0,0,0,"Saba",0
"Saba",2012,"S1008",2,1.5,0,0,0,"Saba",0
"Saba",2011,"S1009",4,11.0,0,0,0,"Saba",0
"Saba",2012,"S1009",2,3.0,0,0,0,"Saba",0
"Saba",2011,"S1010",5,10.5,0,0,0,"Saba",0
"Saba",2012,"S1010",4,18.5,0,0,0,"Saba",0
"Saba",2011,"S1011",5,12.5,0,0,0,"Saba",0
"Saba",2012,"S1011",4,15.5,0,0,0,"Saba",0
"Saba",2011,"S1012",3,5.0,0,0,0,"Saba",0
"Saba",2012,"S1012",,,,,,"Saba",
"Saba",2011,"S1013",3,9.0,0,0,0,"Saba",0
"Saba",2012,"S1013",1,1.5,0,0,0,"Saba",0
"Saba",2011,"S1014",3,2.5,0,0,0,"Saba",0
"Saba",2012,"S1014",3,4.0,0,0,0,"Saba",0
"Saba",2011,"S1015",3,3.0,0,0,0,"Saba",0
"Saba",2012,"S1015",1,6.0,0,0,0,"Saba",0
"Saba",2011,"S1016",1,5.5,0,0,0,"Saba",0
"Saba",2012,"S1016",2,8.5,0,0,0,"Saba",0
"Saba",2011,"S1017",1,3.0,0,0,0,"Saba",0
"Saba",2012,"S1017",2,3.0,0,0,0,"Saba",0
"Saba",2011,"S1018",7,7.0,0,0,0,"Saba",0
"Saba",2012,"S1018",5,7.0,0,0,0,"Saba",0
"Saba",2011,"S1019",3,8.0,0,0,0,"Saba",0
"Saba",2012,"S1019",2,8.0,0,0,0,"Saba",0
"Saba",2011,"S1020",1,3.5,0,0,0,"Saba",0
"Saba",2011,"S1021",29,24.0,0,0,0,"Saba",0
"Saba",2012,"S1021",,,,,,"Saba",
"Saba",2011,"S1022",8,2.5,0,0,0,"Saba",0
"Saba",2011,"S1023",2,3.0,0,0,0,"Saba",0
"Saba",2011,"S1024",1,2.0,0,0,0,"Saba",0
"Saba",2011,"S1025",24,22.0,0,0,0,"Saba",0
"Saba",2011,"S1026",39,19.0,0,0,0,"Saba",0
"Saba",2011,"S1027",3,8.0,0,0,0,"Saba",0
"Saba",2011,"S1028",7,23.0,0,0,0,"Saba",0
"Saba",2011,"S1029",10,15.0,0,0,0,"Saba",0
"Saba",2012,"S1083",78,33.0,0,1,0,"Saba",1
"Saba",2011,"S11000",7,21.5,0,0,0,"Saba",0
"Saba",2011,"S1527",2,10.5,0,0,0,"Saba",0
"Saba",2012,"S1527",5,13.0,0,0,0,"Saba",0
"Saba",2014,"S1527",6,13.0,0,0,0,"Saba",0
"Saba",2011,"S1528",4,23.0,0,0,0,"Saba",0
"Saba",2012,"S1528",3,19.5,0,0,0,"Saba",0
"Saba",2014,"S1528",3,20.0,0,0,0,"Saba",0
"Saba",2011,"S1529",5,23.5,0,1,0,"Saba",1
"Saba",2012,"S1529",3,17.0,0,0,0,"Saba",0
"Saba",2014,"S1529",4,21.0,0,0,0,"Saba",0
"Saba",2011,"S1530",3,6.5,0,0,0,"Saba",0
"Saba",2012,"S1530",4,9.5,0,0,0,"Saba",0
"Saba",2014,"S1530",2,10.0,0,0,0,"Saba",0
"Saba",2011,"S1531",11,19.5,0,1,0,"Saba",1
"Saba",2012,"S1531",13,15.5,0,0,0,"Saba",0
"Saba",2011,"S1532",80,,1,1,0,"Saba",1
"Saba",2012,"S1532",90,,0,0,0,"Saba",0
"Saba",2014,"S1532",53,30.0,0,0,0,"Saba",0
"Saba",2011,"S1533",24,26.0,0,0,0,"Saba",0
"Saba",2012,"S1533",34,25.0,0,2,0,"Saba",1
"Saba",2014,"S1533",49,25.0,0,0,0,"Saba",0
"Saba",2011,"S1534",93,28.0,2,0,0,"Saba",0
"Saba",2012,"S1534",98,24.0,0,0,1,"Saba",0
"Saba",2014,"S1534",93,26.5,0,0,0,"Saba",0
"Saba",2011,"S1535",49,29.0,1,1,0,"Saba",1
"Saba",2012,"S1535",74,27.0,0,0,0,"Saba",0
"Saba",2014,"S1535",66,34.0,0,0,0,"Saba",0
"Saba",2011,"S1536",28,27.0,1,1,1,"Saba",1
"Saba",2012,"S1536",25,21.0,0,0,2,"Saba",0
"Saba",2014,"S1536",21,29.0,0,0,0,"Saba",0
"Saba",2011,"S1537",10,18.5,1,0,0,"Saba",0
"Saba",2012,"S1537",7,17.0,0,0,0,"Saba",0
"Saba",2014,"S1537",7,18.5,1,0,0,"Saba",0
"Saba",2011,"S1538",5,29.5,0,0,0,"Saba",0
"Saba",2012,"S1538",4,25.5,0,0,0,"Saba",0
"Saba",2014,"S1538",16,11.5,0,0,0,"Saba",0
"Saba",2011,"S1539",60,32.0,0,1,0,"Saba",1
"Saba",2012,"S1539",80,,0,0,0,"Saba",0
"Saba",2014,"S1539",70,,0,0,2,"Saba",0
"Saba",2011,"S1540",111,28.0,2,1,1,"Saba",1
"Saba",2012,"S1540",130,23.0,0,0,0,"Saba",0
"Saba",2014,"S1540",135,27.0,1,1,1,"Saba",1
"Saba",2011,"S1541",45,32.0,0,2,0,"Saba",1
"Saba",2012,"S1541",61,28.0,0,0,0,"Saba",0
"Saba",2014,"S1541",27,23.5,0,0,0,"Saba",0
"Saba",2011,"S1542",8,28.5,0,0,0,"Saba",0
"Saba",2012,"S1542",6,9.5,0,0,0,"Saba",0
"Saba",2014,"S1542",,,,,,"Saba",
"Saba",2011,"S1543",5,20.5,0,0,0,"Saba",0
"Saba",2012,"S1543",7,18.0,0,0,0,"Saba",0
"Saba",2014,"S1543",,,,,,"Saba",
"Saba",2011,"S1544",3,5.5,0,0,0,"Saba",0
"Saba",2012,"S1544",1,1.0,0,0,0,"Saba",0
"Saba",2014,"S1544",2,5.0,0,0,0,"Saba",0
"Saba",2011,"S1545",12,4.5,0,0,0,"Saba",0
"Saba",2012,"S1545",17,7.0,0,0,0,"Saba",0
"Saba",2014,"S1545",12,1.0,0,0,0,"Saba",0
"Saba",2011,"S1546",3,5.5,0,0,0,"Saba",0
"Saba",2012,"S1546",3,5.5,0,0,0,"Saba",0
"Saba",2014,"S1546",,,,,,"Saba",
"Saba",2011,"S1547",7,3.0,0,0,0,"Saba",0
"Saba",2012,"S1547",0,0.0,0,0,0,"Saba",0
"Saba",2014,"S1547",3,3.0,0,0,0,"Saba",0
"Saba",2011,"S1562",5,16.0,1,0,0,"Saba",0
"Saba",2012,"S1562",7,14.0,0,0,0,"Saba",0
"Saba",2014,"S1562",7,18.0,0,0,0,"Saba",0
"Saba",2011,"S1563",4,3.0,0,0,0,"Saba",0
"Saba",2012,"S1563",2,8.0,0,0,0,"Saba",0
"Saba",2011,"S1564",1,4.4,0,0,0,"Saba",0
"Saba",2012,"S1564",,,,,,"Saba",
"Saba",2011,"S1565",3,18.0,0,0,0,"Saba",0
"Saba",2012,"S1565",4,20.0,0,0,0,"Saba",0
"Saba",2011,"S1566",2,0.5,0,0,0,"Saba",0
"Saba",2011,"S1567",9,10.5,0,0,0,"Saba",0
"Saba",2012,"S1567",1,3.0,0,0,0,"Saba",0
"Saba",2011,"S1568",5,16.0,0,0,0,"Saba",0
"Saba",2012,"S1568",4,17.0,0,0,0,"Saba",0
"Saba",2011,"S1569",5,14.5,0,0,0,"Saba",0
"Saba",2012,"S1569",,,,,,"Saba",
"Saba",2011,"S1570",5,12.0,0,0,0,"Saba",0
"Saba",2012,"S1570",4,20.5,0,0,0,"Saba",0
"Saba",2011,"S1571",6,23.5,0,1,0,"Saba",1
"Saba",2012,"S1571",8,27.0,0,0,0,"Saba",0
"Saba",2011,"S1572",2,1.0,0,0,0,"Saba",0
"Saba",2012,"S1572",4,7.0,0,0,0,"Saba",0
"Saba",2011,"S1573",2,6.0,0,0,0,"Saba",0
"Saba",2012,"S1573",3,3.0,0,0,0,"Saba",0
"Saba",2011,"S1574",4,6.0,0,0,0,"Saba",0
"Saba",2012,"S1574",2,7.0,0,0,0,"Saba",0
"Saba",2011,"S1575",5,10.5,0,0,0,"Saba",0
"Saba",2012,"S1575",1,9.0,0,0,0,"Saba",0
"Saba",2012,"S1575",7,17.0,0,0,0,"Saba",0
"Saba",2011,"S1576",8,23.0,0,0,0,"Saba",0
"Saba",2012,"S1576",14,26.0,0,0,0,"Saba",0
"Saba",2011,"S1577",3,7.5,0,0,0,"Saba",0
"Saba",2012,"S1577",2,16.0,0,0,0,"Saba",0
"Saba",2011,"S1578",7,13.0,0,0,0,"Saba",0
"Saba",2012,"S1578",10,19.0,0,0,0,"Saba",0
"Saba",2014,"S1578",15,19.0,0,0,0,"Saba",0
"Saba",2011,"S1579",24,29.0,1,1,1,"Saba",1
"Saba",2011,"S1580",18,25.0,0,3,0,"Saba",1
"Saba",2014,"S1580",,,,,,"Saba",
"Saba",2011,"S1581",39,21.0,0,0,0,"Saba",0
"Saba",2014,"S1581",36,25.0,2,0,0,"Saba",0
"Saba",2011,"S1582",30,22.0,1,0,0,"Saba",0
"Saba",2013,"S1582",30,21.0,0,0,0,"Saba",0
"Saba",2014,"S1582",26,30.0,0,2,0,"Saba",1
"Saba",2011,"S1583",25,22.0,0,0,0,"Saba",0
"Saba",2014,"S1583",20,29.5,0,1,0,"Saba",1
"Saba",2011,"S1584",17,25.5,0,0,0,"Saba",0
"Saba",2013,"S1584",9,22.0,0,0,0,"Saba",0
"Saba",2014,"S1584",9,34.0,0,0,0,"Saba",0
"Saba",2011,"S1585",11,26.0,0,0,0,"Saba",0
"Saba",2011,"S1586",19,23.0,0,0,0,"Saba",0
"Saba",2011,"S1587",4,21.0,0,0,0,"Saba",0
"Saba",2012,"S1587",6,22.0,1,0,0,"Saba",0
"Saba",2013,"S1587",8,22.0,0,0,0,"Saba",0
"Saba",2014,"S1587",4,6.5,0,0,0,"Saba",0
"Saba",2010,"S1593",8,17.0,0,0,0,"Saba",0
"Saba",2012,"S1593",9,18.0,0,0,0,"Saba",0
"Saba",2011,"S1594",12,13.0,0,0,0,"Saba",0
"Saba",2012,"S1594",9,18.0,0,0,0,"Saba",0
"Saba",2011,"S1595",2,2.0,0,0,0,"Saba",0
"Saba",2012,"S1595",1,2.0,0,0,0,"Saba",0
"Saba",2011,"S1596",6,4.5,0,0,0,"Saba",0
"Saba",2010,"S1597",2,3.0,0,0,0,"Saba",0
"Saba",2010,"S1599",4,30.5,0,0,0,"Saba",0
"Saba",2012,"S1599",2,24.0,0,0,0,"Saba",0
"Saba",2014,"S1599",6,24.0,0,0,0,"Saba",0
"Saba",2010,"S1600",8,25.5,0,0,0,"Saba",0
"Saba",2012,"S1600",8,19.5,0,0,0,"Saba",0
"Saba",2014,"S1600",5,26.5,0,0,0,"Saba",0
"Saba",2011,"S1601",2,0.7,0,0,0,"Saba",0
"Saba",2011,"S1602",5,20.5,0,0,0,"Saba",0
"Saba",2011,"S1603",22,27.0,0,0,0,"Saba",0
"Saba",2011,"S1604",6,24.0,0,0,0,"Saba",0
"Saba",2011,"S1605",11,20.0,0,0,0,"Saba",0
"Saba",2012,"S1605",14,23.0,0,1,0,"Saba",1
"Saba",2011,"S1606",3,3.5,0,0,0,"Saba",0
"Saba",2012,"S1606",3,3.5,0,0,0,"Saba",0
"Saba",2011,"S1607",4,11.0,0,0,0,"Saba",0
"Saba",2012,"S1607",4,11.5,0,0,0,"Saba",0
"Saba",2011,"S1608",4,1.0,0,0,0,"Saba",0
"Saba",2011,"S1609",3,1.5,0,0,0,"Saba",0
"Saba",2011,"S1610",2,1.5,0,0,0,"Saba",0
"Saba",2011,"S1611",3,3.5,0,0,0,"Saba",0
"Saba",2011,"S1612",2,3.0,0,0,0,"Saba",0
"Saba",2011,"S1613",3,1.5,0,0,0,"Saba",0
"Saba",2011,"S1614",2,1.0,0,0,0,"Saba",0
"Saba",2011,"S1615",3,17.0,0,0,0,"Saba",0
"Saba",2011,"S1616",1,1.0,0,0,0,"Saba",0
"Saba",2011,"S1617",3,4.5,0,0,0,"Saba",0
"Saba",2011,"S1618",4,14.0,0,0,0,"Saba",0
"Saba",2011,"S1619",30,25.0,0,0,0,"Saba",0
"Saba",2011,"S1620",3,10.0,0,0,0,"Saba",0
"Saba",2012,"S1620",3,12.0,0,0,0,"Saba",0
"Saba",2011,"S1621",2,1.0,0,0,0,"Saba",0
"Saba",2011,"S1622",66,21.0,0,0,0,"Saba",0
"Saba",2014,"S1622",72,33.0,0,0,0,"Saba",0
"Saba",2011,"S1623",25,31.0,0,0,0,"Saba",0
"Saba",2014,"S1623",35,41.3,0,0,0,"Saba",0
"Saba",2011,"S1624",35,32.5,0,0,0,"Saba",0
"Saba",2014,"S1624",9,27.0,0,0,0,"Saba",0
"Saba",2011,"S1625",9,16.5,0,0,0,"Saba",0
"Saba",2014,"S1625",3,17.6,0,0,0,"Saba",0
"Saba",2012,"S1626",3,3.0,0,0,0,"Saba",0
"Saba",2012,"S1627",4,18.0,0,0,0,"Saba",0
"Saba",2010,"S1711",5,12.5,0,0,0,"Saba",0
"Saba",2012,"S1711",4,16.0,0,0,0,"Saba",0
"Saba",2014,"S1711",6,28.5,0,0,0,"Saba",0
"Saba",2010,"S1712",3,5.5,0,0,0,"Saba",0
"Saba",2012,"S1712",2,1.0,0,0,0,"Saba",0
"Saba",2014,"S1712",1,0.5,0,0,0,"Saba",0
"Saba",2010,"S1713",9,30.0,0,0,0,"Saba",0
"Saba",2012,"S1713",10,32.0,1,0,0,"Saba",0
"Saba",2014,"S1713",14,39.5,0,0,1,"Saba",0
"Saba",2010,"S1714",4,20.0,0,0,0,"Saba",0
"Saba",2012,"S1714",2,5.0,0,0,0,"Saba",0
"Saba",2014,"S1714",,,,,,"Saba",
"Saba",2010,"S1715",4,5.0,0,0,0,"Saba",0
"Saba",2012,"S1715",2,6.0,0,0,0,"Saba",0
"Saba",2010,"S1716",4,6.0,0,0,0,"Saba",0
"Saba",2012,"S1716",3,12.0,0,0,0,"Saba",0
"Saba",2010,"S1717",4,6.0,0,0,0,"Saba",0
"Saba",2012,"S1717",4,7.0,0,0,0,"Saba",0
"Saba",2010,"S1718",9,10.0,0,0,0,"Saba",0
"Saba",2012,"S1718",7,12.5,0,0,0,"Saba",0
"Saba",2010,"S1719",14,14.5,0,0,0,"Saba",0
"Saba",2012,"S1719",5,8.0,0,0,0,"Saba",0
"Saba",2014,"S1719",8,22.2,0,0,0,"Saba",0
"Saba",2010,"S1720",6,26.0,0,0,0,"Saba",0
"Saba",2012,"S1720",7,28.0,0,0,0,"Saba",0
"Saba",2010,"S1721",3,8.0,0,0,0,"Saba",0
"Saba",2012,"S1721",1,4.0,0,0,0,"Saba",0
"Saba",2010,"S1722",5,27.0,0,0,0,"Saba",0
"Saba",2012,"S1722",3,32.5,0,0,1,"Saba",0
"Saba",2010,"S1723",3,10.5,0,0,0,"Saba",0
"Saba",2012,"S1723",4,15.0,0,0,0,"Saba",0
"Saba",2010,"S1724",5,12.5,0,0,0,"Saba",0
"Saba",2012,"S1724",4,18.5,0,0,0,"Saba",0
"Saba",2010,"S1725",6,15.0,0,0,0,"Saba",0
"Saba",2012,"S1725",2,24.5,0,0,0,"Saba",0
"Saba",2010,"S1726",3,4.0,0,0,0,"Saba",0
"Saba",2012,"S1726",,,,,,"Saba",
"Saba",2010,"S1727",3,20.5,0,0,0,"Saba",0
"Saba",2012,"S1727",,,,,,"Saba",
"Saba",2010,"S1728",4,4.5,0,0,0,"Saba",0
"Saba",2012,"S1728",1,3.0,0,0,0,"Saba",0
"Saba",2010,"S1729",2,9.0,0,0,0,"Saba",0
"Saba",2012,"S1729",3,5.0,0,0,0,"Saba",0
"Saba",2010,"S1730",2,2.0,0,0,0,"Saba",0
"Saba",2012,"S1730",,,,,,"Saba",
"Saba",2010,"S1731",2,6.0,0,0,0,"Saba",0
"Saba",2012,"S1731",2,6.0,0,0,0,"Saba",0
"Saba",2010,"S1732",3,6.5,0,0,0,"Saba",0
"Saba",2012,"S1732",2,4.0,0,0,0,"Saba",0
"Saba",2010,"S1733",3,8.0,0,0,0,"Saba",0
"Saba",2012,"S1733",,,,,,"Saba",
"Saba",2010,"S1734",4,13.5,0,0,0,"Saba",0
"Saba",2012,"S1734",3,3.0,0,0,0,"Saba",0
"Saba",2010,"S1735",11,20.0,0,0,0,"Saba",0
"Saba",2012,"S1735",10,20.5,0,0,0,"Saba",0
"Saba",2010,"S1736",12,21.5,0,0,0,"Saba",0
"Saba",2012,"S1736",6,22.0,0,0,0,"Saba",0
"Saba",2010,"S1737",5,1.0,0,0,0,"Saba",0
"Saba",2010,"S1738",4,2.0,0,0,0,"Saba",0
"Saba",2010,"S1739",3,2.0,0,0,0,"Saba",0
"Saba",2010,"S1740",3,7.5,0,0,0,"Saba",0
"Saba",2012,"S1740",4,12.0,0,0,0,"Saba",0
"Saba",2010,"S1741",3,7.5,0,0,0,"Saba",0
"Saba",2012,"S1741",3,10.5,0,0,0,"Saba",0
"Saba",2010,"S1742",6,5.0,0,0,0,"Saba",0
"Saba",2012,"S1742",6,8.0,0,0,0,"Saba",0
"Saba",2010,"S1743",3,2.5,0,0,0,"Saba",0
"Saba",2012,"S1743",2,4.0,0,0,0,"Saba",0
"Saba",2010,"S1744",4,9.5,0,0,0,"Saba",0
"Saba",2012,"S1744",6,13.0,0,0,0,"Saba",0
"Saba",2010,"S1745",3,5.5,0,0,0,"Saba",0
"Saba",2012,"S1745",4,3.0,0,0,0,"Saba",0
"Saba",2010,"S1746",19,34.0,0,1,0,"Saba",1
"Saba",2010,"S1747",5,,0,0,0,"Saba",0
"Saba",2011,"S1748",3,7.0,0,0,0,"Saba",0
"Saba",2011,"S1749",4,4.0,0,0,0,"Saba",0
"Saba",2012,"S1749",3,2.5,0,0,0,"Saba",0
"Saba",2011,"S1750",1,6.5,0,0,0,"Saba",0
"Saba",2012,"S1750",2,6.5,0,0,0,"Saba",0
"Saba",2014,"S1750",2,1.7,0,0,0,"Saba",0
"Saba",2011,"S1751",3,0.0,0,0,0,"Saba",0
"Saba",2012,"S1751",,,,,,"Saba",
"Saba",2011,"S1759",2,8.5,0,0,0,"Saba",0
"Saba",2012,"S1759",3,9.0,0,0,0,"Saba",0
"Saba",2011,"S1760",2,6.5,0,0,0,"Saba",0
"Saba",2012,"S1760",2,3.0,0,0,0,"Saba",0
"Saba",2011,"S1761",116,33.0,0,0,0,"Saba",0
"Saba",2013,"S1761",112,33.0,0,1,3,"Saba",1
"Saba",2014,"S1761",89,39.0,0,3,2,"Saba",1
"Saba",2011,"S1762",11,33.5,0,0,0,"Saba",0
"Saba",2014,"S1762",11,29.0,0,0,0,"Saba",0
"Saba",2011,"S1763",2,3.0,0,0,0,"Saba",0
"Saba",2013,"S1763",2,0.5,0,0,0,"Saba",0
"Saba",2014,"S1763",1,1.0,0,0,0,"Saba",0
"Saba",2011,"S1764",5,6.5,0,0,0,"Saba",0
"Saba",2013,"S1764",2,5.0,0,0,0,"Saba",0
"Saba",2014,"S1764",3,5.0,0,0,0,"Saba",0
"Saba",2011,"S1765",6,19.0,0,0,0,"Saba",0
"Saba",2013,"S1765",2,25.0,0,0,0,"Saba",0
"Saba",2014,"S1765",3,25.4,0,0,0,"Saba",0
"Saba",2011,"S1766",4,2.5,0,0,0,"Saba",0
"Saba",2013,"S1766",,,,,,"Saba",
"Saba",2014,"S1766",,,,,,"Saba",
"Saba",2011,"S1767",1,1.0,0,0,0,"Saba",0
"Saba",2013,"S1767",2,20.0,0,0,0,"Saba",0
"Saba",2014,"S1767",4,27.0,0,0,0,"Saba",0
"Saba",2011,"S1768",26,32.5,0,0,1,"Saba",0
"Saba",2011,"S1769",25,26.5,0,0,0,"Saba",0
"Saba",2011,"S1770",11,22.5,0,0,0,"Saba",0
"Saba",2011,"S1771",6,28.0,0,0,0,"Saba",0
"Saba",2011,"S1772",3,4.0,0,0,0,"Saba",0
"Saba",2011,"S1773",4,16.5,1,0,0,"Saba",0
"Saba",2011,"S1774",7,5.5,0,0,0,"Saba",0
"Saba",2011,"S1775",3,7.0,0,0,0,"Saba",0
"Saba",2011,"S1776",3,2.0,0,0,0,"Saba",0
"Saba",2011,"S1777",19,25.5,0,0,0,"Saba",0
"Saba",2013,"S1777",17,34.0,0,0,0,"Saba",0
"Saba",2014,"S1777",16,28.0,0,0,0,"Saba",0
"Saba",2011,"S1778",45,26.0,0,0,2,"Saba",0
"Saba",2014,"S1778",31,35.6,0,1,3,"Saba",1
"Saba",2011,"S1779",4,6.0,0,0,0,"Saba",0
"Saba",2014,"S1779",3,2.5,0,0,0,"Saba",0
"Saba",2011,"S1780",3,6.0,0,0,0,"Saba",0
"Saba",2014,"S1780",3,6.0,0,0,0,"Saba",0
"Saba",2011,"S1781",48,24.0,0,0,0,"Saba",0
"Saba",2013,"S1781",33,18.0,0,0,0,"Saba",0
"Saba",2014,"S1781",32,27.6,0,0,0,"Saba",0
"Saba",2011,"S1782",7,26.0,0,0,0,"Saba",0
"Saba",2013,"S1782",3,18.5,0,0,0,"Saba",0
"Saba",2014,"S1782",6,24.0,0,0,0,"Saba",0
"Saba",2011,"S1783",18,25.5,0,0,0,"Saba",0
"Saba",2014,"S1783",18,26.0,0,0,0,"Saba",0
"Saba",2011,"S1784",29,32.5,0,0,0,"Saba",0
"Saba",2013,"S1784",30,39.5,0,0,0,"Saba",0
"Saba",2014,"S1784",34,40.0,0,0,0,"Saba",0
"Saba",2011,"S1785",3,5.0,0,0,0,"Saba",0
"Saba",2013,"S1785",23,28.0,0,0,0,"Saba",0
"Saba",2014,"S1785",26,30.5,1,2,0,"Saba",1
"Saba",2011,"S1786",6,4.5,0,0,0,"Saba",0
"Saba",2014,"S1786",6,5.0,0,0,0,"Saba",0
"Saba",2011,"S1787",17,25.0,0,0,0,"Saba",0
"Saba",2014,"S1787",17,26.0,0,0,0,"Saba",0
"Saba",2011,"S1788",30,33.0,1,0,2,"Saba",0
"Saba",2014,"S1788",33,40.0,0,1,1,"Saba",1
"Saba",2011,"S1789",119,33.5,0,0,0,"Saba",0
"Saba",2013,"S1789",119,31.0,0,1,1,"Saba",1
"Saba",2014,"S1789",63,40.0,0,3,2,"Saba",1
"Saba",2011,"S1790",63,19.5,0,2,2,"Saba",1
"Saba",2014,"S1790",64,25.5,0,1,0,"Saba",1
"Saba",2011,"S1791",16,14.0,0,0,0,"Saba",0
"Saba",2014,"S1791",15,18.0,0,0,0,"Saba",0
"Saba",2011,"S1792",11,24.0,0,0,0,"Saba",0
"Saba",2011,"S1793",38,28.5,0,2,1,"Saba",1
"Saba",2011,"S1794",22,29.0,2,1,0,"Saba",1
"Saba",2011,"S1795",42,33.0,4,2,0,"Saba",1
"Saba",2011,"S1796",16,26.5,0,0,0,"Saba",0
"Saba",2011,"S1797",12,17.0,0,0,0,"Saba",0
"Saba",2011,"S1798",6,8.5,0,0,0,"Saba",0
"Saba",2011,"S1799",12,25.0,0,0,1,"Saba",0
"Saba",2011,"S1800",14,25.0,0,0,0,"Saba",0
"Saba",2011,"S1801",28,24.5,0,0,0,"Saba",0
"Saba",2011,"S1802",9,19.0,0,0,0,"Saba",0
"Saba",2011,"S1803",17,25.0,1,0,0,"Saba",0
"Saba",2011,"S1804",13,23.0,0,0,0,"Saba",0
"Saba",2011,"S1805",18,26.0,0,0,0,"Saba",0
"Saba",2011,"S1806",2,7.0,0,0,0,"Saba",0
"Saba",2011,"S1807",14,24.0,0,0,0,"Saba",0
"Saba",2011,"S1808",7,24.5,0,1,0,"Saba",1
"Saba",2011,"S1809",39,26.0,0,0,2,"Saba",0
"Saba",2011,"S1810",13,13.5,0,0,0,"Saba",0
"Saba",2011,"S1811",6,5.5,0,0,0,"Saba",0
"Saba",2011,"S1812",24,25.0,1,0,0,"Saba",0
"Saba",2011,"S1813",30,21.5,2,1,0,"Saba",1
"Saba",2011,"S1814",61,29.0,1,1,0,"Saba",1
"Saba",2011,"S1815",12,22.0,0,0,0,"Saba",0
"Saba",2011,"S1816",36,26.5,0,0,0,"Saba",0
"Saba",2011,"S1817",16,30.0,0,0,0,"Saba",0
"Saba",2011,"S1818",26,26.5,0,1,0,"Saba",1
"Saba",2011,"S1819",7,8.0,0,0,0,"Saba",0
"Saba",2011,"S1820",2,5.5,0,0,0,"Saba",0
"Saba",2011,"S1821",4,8.5,0,0,0,"Saba",0
"Saba",2011,"S1822",6,11.5,0,0,0,"Saba",0
"Saba",2012,"S1822",7,12.5,0,0,0,"Saba",0
"Saba",2011,"S1823",5,15.5,0,0,0,"Saba",0
"Saba",2011,"S1824",3,10.0,0,0,0,"Saba",0
"Saba",2011,"S1825",6,7.0,0,0,0,"Saba",0
"Saba",2011,"S1826",2,0.5,0,0,0,"Saba",0
"Saba",2011,"S1827",4,1.0,0,0,0,"Saba",0
"Saba",2011,"S1828",4,3.5,0,0,0,"Saba",0
"Saba",2011,"S1829",4,2.0,0,0,0,"Saba",0
"Saba",2011,"S1830",4,5.0,0,0,0,"Saba",0
"Saba",2011,"S1831",2,0.5,0,0,0,"Saba",0
"Saba",2011,"S1832",3,0.5,0,0,0,"Saba",0
"Saba",2011,"S1833",4,1.5,0,0,0,"Saba",0
"Saba",2011,"S1834",4,6.0,0,0,0,"Saba",0
"Saba",2011,"S1835",4,12.5,0,0,0,"Saba",0
"Saba",2011,"S1836",4,2.0,0,0,0,"Saba",0
"Saba",2011,"S1837",118,30.0,0,0,0,"Saba",0
"Saba",2013,"S1837",90,30.0,0,0,0,"Saba",0
"Saba",2014,"S1837",54,31.5,0,0,1,"Saba",0
"Saba",2011,"S1838",3,3.0,0,0,0,"Saba",0
"Saba",2014,"S1838",,,,,,"Saba",
"Saba",2011,"S1839",6,23.5,0,0,0,"Saba",0
"Saba",2013,"S1839",8,22.0,0,0,0,"Saba",0
"Saba",2014,"S1839",8,22.0,0,0,0,"Saba",0
"Saba",2011,"S1840",5,5.0,0,0,0,"Saba",0
"Saba",2013,"S1840",2,3.0,0,0,0,"Saba",0
"Saba",2014,"S1840",3,3.8,0,0,0,"Saba",0
"Saba",2011,"S1841",3,2.0,0,0,0,"Saba",0
"Saba",2013,"S1841",2,3.0,0,0,0,"Saba",0
"Saba",2014,"S1841",,,,,,"Saba",
"Saba",2011,"S1842",3,1.5,0,0,0,"Saba",0
"Saba",2013,"S1842",1,4.0,0,0,0,"Saba",0
"Saba",2014,"S1842",1,2.8,0,0,0,"Saba",0
"Saba",2011,"S1843",5,6.0,0,0,0,"Saba",0
"Saba",2013,"S1843",2,9.0,0,0,0,"Saba",0
"Saba",2014,"S1843",3,13.0,0,0,0,"Saba",0
"Saba",2011,"S1844",4,4.0,0,0,0,"Saba",0
"Saba",2013,"S1844",2,4.5,0,0,0,"Saba",0
"Saba",2014,"S1844",2,4.5,0,0,0,"Saba",0
"Saba",2011,"S1845",3,1.0,0,0,0,"Saba",0
"Saba",2013,"S1845",2,4.5,0,0,0,"Saba",0
"Saba",2014,"S1845",2,5.0,0,0,0,"Saba",0
"Saba",2011,"S1846",4,7.5,0,0,0,"Saba",0
"Saba",2013,"S1846",1,6.5,0,0,0,"Saba",0
"Saba",2014,"S1846",1,6.2,0,0,0,"Saba",0
"Saba",2011,"S1847",34,22.5,0,0,0,"Saba",0
"Saba",2014,"S1847",9,26.4,0,1,0,"Saba",1
"Saba",2011,"S1848",10,17.5,0,0,0,"Saba",0
"Saba",2013,"S1848",9,18.0,0,0,0,"Saba",0
"Saba",2014,"S1848",10,24.5,0,0,0,"Saba",0
"Saba",2011,"S1849",6,15.5,0,0,0,"Saba",0
"Saba",2013,"S1849",6,17.0,0,0,0,"Saba",0
"Saba",2014,"S1849",8,22.4,0,0,0,"Saba",0
"Saba",2011,"S1850",10,17.5,0,0,0,"Saba",0
"Saba",2013,"S1850",6,21.0,0,0,0,"Saba",0
"Saba",2014,"S1850",3,21.6,0,0,0,"Saba",0
"Saba",2011,"S1851",4,9.0,0,0,0,"Saba",0
"Saba",2014,"S1851",6,7.0,0,0,0,"Saba",0
"Saba",2011,"S1852",7,20.0,0,0,0,"Saba",0
"Saba",2014,"S1852",6,7.0,0,0,0,"Saba",0
"Saba",2011,"S1853",22,25.5,0,0,0,"Saba",0
"Saba",2013,"S1853",28,24.5,0,3,0,"Saba",1
"Saba",2014,"S1853",30,31.5,0,1,0,"Saba",1
"Saba",2011,"S1854",13,26.0,0,0,0,"Saba",0
"Saba",2013,"S1854",11,24.0,0,0,0,"Saba",0
"Saba",2014,"S1854",14,26.0,0,3,0,"Saba",1
"Saba",2011,"S1855",8,11.0,0,0,0,"Saba",0
"Saba",2013,"S1855",6,9.5,0,0,0,"Saba",0
"Saba",2014,"S1855",6,9.0,0,0,0,"Saba",0
"Saba",2011,"S1856",10,18.5,0,0,0,"Saba",0
"Saba",2013,"S1856",3,20.0,0,0,0,"Saba",0
"Saba",2013,"S1856",5,22.0,0,0,0,"Saba",0
"Saba",2014,"S1856",1,2.0,0,0,0,"Saba",0
"Saba",2011,"S1857",15,23.0,0,0,0,"Saba",0
"Saba",2013,"S1857",15,19.0,0,0,0,"Saba",0
"Saba",2014,"S1857",15,24.0,0,1,0,"Saba",1
"Saba",2011,"S1858",28,21.5,0,0,0,"Saba",0
"Saba",2013,"S1858",23,20.0,0,2,0,"Saba",1
"Saba",2014,"S1858",30,31.1,0,1,0,"Saba",1
"Saba",2011,"S1859",2,11.0,0,0,0,"Saba",0
"Saba",2013,"S1859",1,10.0,0,0,0,"Saba",0
"Saba",2014,"S1859",2,13.0,0,0,0,"Saba",0
"Saba",2011,"S1860",22,28.0,1,0,0,"Saba",0
"Saba",2013,"S1860",20,26.0,0,0,0,"Saba",0
"Saba",2014,"S1860",19,38.5,0,0,0,"Saba",0
"Saba",2011,"S1861",1,7.0,0,0,0,"Saba",0
"Saba",2011,"S1862",3,2.5,0,0,0,"Saba",0
"Saba",2011,"S1863",2,1.0,0,0,0,"Saba",0
"Saba",2011,"S1864",3,5.0,0,0,0,"Saba",0
"Saba",2014,"S1864",2,5.0,0,0,0,"Saba",0
"Saba",2011,"S1865",4,4.0,0,0,0,"Saba",0
"Saba",2011,"S1866",2,1.0,0,0,0,"Saba",0
"Saba",2011,"S1867",3,1.5,0,0,0,"Saba",0
"Saba",2014,"S1867",1,1.7,0,0,0,"Saba",0
"Saba",2011,"S1868",3,2.0,0,0,0,"Saba",0
"Saba",2014,"S1868",3,1.5,0,0,0,"Saba",0
"Saba",2011,"S1869",2,6.0,0,0,0,"Saba",0
"Saba",2011,"S1870",2,3.0,0,0,0,"Saba",0
"Saba",2011,"S1871",3,8.0,0,0,0,"Saba",0
"Saba",2011,"S1872",4,1.0,0,0,0,"Saba",0
"Saba",2011,"S1873",3,1.5,0,0,0,"Saba",0
"Saba",2011,"S1874",4,1.0,0,0,0,"Saba",0
"Saba",2014,"S1874",,,,,,"Saba",
"Saba",2011,"S1875",5,2.0,0,0,0,"Saba",0
"Saba",2014,"S1875",,,,,,"Saba",
"Saba",2011,"S1876",2,0.5,0,0,0,"Saba",0
"Saba",2011,"S1877",3,1.0,0,0,0,"Saba",0
"Saba",2011,"S1878",3,3.0,0,0,0,"Saba",0
"Saba",2011,"S1879",5,0.5,0,0,0,"Saba",0
"Saba",2011,"S1880",4,2.5,0,0,0,"Saba",0
"Saba",2011,"S1881",5,1.5,0,0,0,"Saba",0
"Saba",2011,"S1882",2,1.5,0,0,0,"Saba",0
"Saba",2014,"S1882",2,1.8,0,0,0,"Saba",0
"Saba",2011,"S1883",3,0.5,0,0,0,"Saba",0
"Saba",2014,"S1883",5,1.5,0,0,0,"Saba",0
"Saba",2011,"S1884",1,0.5,0,0,0,"Saba",0
"Saba",2014,"S1884",3,1.0,,,,"Saba",
"Saba",2011,"S1885",5,18.0,0,0,0,"Saba",0
"Saba",2012,"S1885",5,19.0,0,1,0,"Saba",1
"Saba",2014,"S1885",6,31.0,0,0,1,"Saba",0
"Saba",2011,"S1886",17,26.0,0,0,0,"Saba",0
"Saba",2014,"S1886",13,34.6,0,0,0,"Saba",0
"Saba",2011,"S1887",7,21.0,0,0,0,"Saba",0
"Saba",2011,"S1888",5,8.5,0,0,0,"Saba",0
"Saba",2011,"S1889",10,28.0,1,0,0,"Saba",0
"Saba",2011,"S1890",19,27.0,0,0,0,"Saba",0
"Saba",2011,"S1891",3,17.0,0,0,0,"Saba",0
"Saba",2011,"S1892",3,14.5,0,0,0,"Saba",0
"Saba",2011,"S1893",22,26.0,0,0,0,"Saba",0
"Saba",2011,"S1894",56,27.5,0,0,0,"Saba",0
"Saba",2011,"S1895",6,23.0,0,0,0,"Saba",0
"Saba",2011,"S1896",2,4.0,0,0,0,"Saba",0
"Saba",2011,"S1897",75,32.0,0,0,0,"Saba",0
"Saba",2011,"S1898",27,29.0,0,0,0,"Saba",0
"Saba",2011,"S1899",230,28.0,2,1,0,"Saba",1
"Saba",2011,"S1901",8,17.0,0,0,0,"Saba",0
"Saba",2011,"S1902",104,21.5,0,7,3,"Saba",1
"Saba",2011,"S1903",4,1.0,0,0,0,"Saba",0
"Saba",2013,"S1903",1,2.0,0,0,0,"Saba",0
"Saba",2014,"S1903",3,2.0,0,0,0,"Saba",0
"Saba",2011,"S1904",4,4.5,0,0,0,"Saba",0
"Saba",2013,"S1904",3,9.5,0,0,0,"Saba",0
"Saba",2014,"S1904",4,11.0,0,0,0,"Saba",0
"Saba",2011,"S1905",22,20.5,0,0,0,"Saba",0
"Saba",2011,"S1906",11,20.0,1,0,0,"Saba",0
"Saba",2011,"S1907",17,19.0,0,1,0,"Saba",1
"Saba",2011,"S1908",4,17.0,0,0,1,"Saba",0
"Saba",2011,"S1909",11,23.0,0,0,0,"Saba",0
"Saba",2011,"S1910",2,0.5,0,0,0,"Saba",0
"Saba",2011,"S1911",7,23.0,1,0,0,"Saba",0
"Saba",2011,"S1912",26,29.0,0,1,0,"Saba",1
"Saba",2011,"S1913",17,24.0,0,0,0,"Saba",0
"Saba",2011,"S1914",5,13.0,0,0,0,"Saba",0
"Saba",2011,"S1915",30,24.5,1,0,0,"Saba",0
"Saba",2011,"S1916",5,26.5,0,0,0,"Saba",0
"Saba",2011,"S1917",3,6.0,0,0,0,"Saba",0
"Saba",2011,"S1918",2,1.0,0,0,0,"Saba",0
"Saba",2011,"S1919",2,8.5,0,0,0,"Saba",0
"Saba",2011,"S1920",4,19.0,0,0,0,"Saba",0
"Saba",2011,"S1921",1,8.5,0,0,0,"Saba",0
"Saba",2011,"S1922",3,6.0,0,0,0,"Saba",0
"Saba",2011,"S1923",5,16.0,0,0,0,"Saba",0
"Saba",2011,"S1924",2,3.5,0,0,0,"Saba",0
"Saba",2011,"S1925",2,3.0,0,0,0,"Saba",0
"Saba",2011,"S1926",3,7.5,0,0,0,"Saba",0
"Saba",2011,"S1927",3,1.0,0,0,0,"Saba",0
"Saba",2011,"S1928",4,4.0,0,0,0,"Saba",0
"Saba",2011,"S1929",5,11.0,0,0,0,"Saba",0
"Saba",2011,"S1930",3,5.0,0,0,0,"Saba",0
"Saba",2011,"S1931",3,6.0,0,0,0,"Saba",0
"Saba",2011,"S1932",4,3.0,0,0,0,"Saba",0
"Saba",2011,"S1933",4,2.5,0,0,0,"Saba",0
"Saba",2011,"S1934",2,1.5,0,0,0,"Saba",0
"Saba",2011,"S1935",35,29.0,0,3,1,"Saba",1
"Saba",2011,"S1936",9,24.0,0,0,1,"Saba",0
"Saba",2011,"S1937",2,19.0,0,0,0,"Saba",0
"Saba",2011,"S1938",6,11.0,0,0,0,"Saba",0
"Saba",2011,"S1939",39,29.0,0,1,0,"Saba",1
"Saba",2012,"S1939",37,33.0,0,0,0,"Saba",0
"Saba",2011,"S1940",17,,0,0,2,"Saba",0
"Saba",2011,"S1941",24,36.0,0,1,0,"Saba",1
"Saba",2012,"S1941",27,36.0,0,1,0,"Saba",1
"Saba",2011,"S1942",3,5.5,0,0,0,"Saba",0
"Saba",2012,"S1942",4,6.0,0,0,0,"Saba",0
"Saba",2011,"S1943",6,28.0,0,0,0,"Saba",0
"Saba",2012,"S1943",8,31.0,0,0,0,"Saba",0
"Saba",2011,"S1944",9,26.0,0,0,0,"Saba",0
"Saba",2012,"S1944",10,27.0,0,0,0,"Saba",0
"Saba",2011,"S1945",15,29.5,1,0,2,"Saba",0
"Saba",2012,"S1945",15,30.5,0,0,0,"Saba",0
"Saba",2011,"S1946",7,22.5,0,0,0,"Saba",0
"Saba",2012,"S1946",7,26.0,0,0,0,"Saba",0
"Saba",2011,"S1947",15,28.0,1,0,0,"Saba",0
"Saba",2012,"S1947",17,28.0,0,0,0,"Saba",0
"Saba",2011,"S1948",18,27.5,0,0,0,"Saba",0
"Saba",2012,"S1948",18,27.5,0,0,0,"Saba",0
"Saba",2011,"S1949",30,18.0,0,0,0,"Saba",0
"Saba",2012,"S1949",28,17.5,0,0,0,"Saba",0
"Saba",2011,"S1950",18,25.0,0,0,0,"Saba",0
"Saba",2012,"S1950",18,24.0,0,1,0,"Saba",1
"Saba",2011,"S1951",23,22.5,0,0,0,"Saba",0
"Saba",2012,"S1951",18,21.0,0,0,0,"Saba",0
"Saba",2011,"S1952",14,22.0,0,0,0,"Saba",0
"Saba",2012,"S1952",14,26.0,0,0,0,"Saba",0
"Saba",2011,"S1953",5,14.0,0,0,0,"Saba",0
"Saba",2012,"S1953",7,,0,0,0,"Saba",0
"Saba",2011,"S1954",6,19.0,0,0,0,"Saba",0
"Saba",2012,"S1954",8,,0,0,0,"Saba",0
"Saba",2011,"S1955",10,23.0,0,0,0,"Saba",0
"Saba",2012,"S1955",10,25.0,0,0,0,"Saba",0
"Saba",2011,"S1956",5,24.0,0,0,0,"Saba",0
"Saba",2012,"S1956",6,23.0,0,0,0,"Saba",0
"Saba",2011,"S1957",26,30.5,0,0,0,"Saba",0
"Saba",2012,"S1957",23,30.5,0,0,0,"Saba",0
"Saba",2011,"S1958",2,8.5,0,0,0,"Saba",0
"Saba",2012,"S1958",2,3.5,0,0,0,"Saba",0
"Saba",2011,"S1959",3,2.5,0,0,0,"Saba",0
"Saba",2012,"S1959",3,2.5,0,0,0,"Saba",0
"Saba",2011,"S1960",2,0.5,0,0,0,"Saba",0
"Saba",2012,"S1960",,,,,,"Saba",
"Saba",2011,"S1961",3,5.0,0,0,0,"Saba",0
"Saba",2012,"S1961",3,7.0,0,0,0,"Saba",0
"Saba",2011,"S1962",4,9.0,0,0,0,"Saba",0
"Saba",2012,"S1962",4,6.5,0,0,0,"Saba",0
"Saba",2011,"S1963",2,8.0,0,0,0,"Saba",0
"Saba",2012,"S1963",,,,,,"Saba",
"Saba",2011,"S1964",1,3.5,0,0,0,"Saba",0
"Saba",2012,"S1964",,,,,,"Saba",
"Saba",2011,"S1965",1,7.0,0,0,0,"Saba",0
"Saba",2012,"S1965",2,7.0,0,0,0,"Saba",0
"Saba",2011,"S1966",4,21.0,0,0,0,"Saba",0
"Saba",2012,"S1966",4,15.0,0,0,0,"Saba",0
"Saba",2011,"S1967",3,1.0,0,0,0,"Saba",0
"Saba",2012,"S1967",3,0.5,0,0,0,"Saba",0
"Saba",2011,"S1968",5,4.0,0,0,0,"Saba",0
"Saba",2012,"S1968",,,,,,"Saba",
"Saba",2011,"S1969",7,8.0,0,0,0,"Saba",0
"Saba",2012,"S1969",6,8.5,0,0,0,"Saba",0
"Saba",2011,"S1970",4,4.0,0,0,0,"Saba",0
"Saba",2012,"S1970",,,,,,"Saba",
"Saba",2011,"S1971",5,5.0,0,0,0,"Saba",0
"Saba",2012,"S1971",2,3.0,0,0,0,"Saba",0
"Saba",2011,"S1972",15,26.0,0,0,0,"Saba",0
"Saba",2011,"S1973",4,22.0,0,0,0,"Saba",0
"Saba",2012,"S1973",4,10.0,0,0,0,"Saba",0
"Saba",2011,"S1974",6,28.0,0,0,0,"Saba",0
"Saba",2012,"S1974",7,28.0,0,0,0,"Saba",0
"Saba",2011,"S1975",24,35.0,0,0,0,"Saba",0
"Saba",2012,"S1975",26,35.0,0,0,0,"Saba",0
"Saba",2011,"S1976",5,13.0,0,0,0,"Saba",0
"Saba",2012,"S1976",3,9.0,0,0,0,"Saba",0
"Saba",2011,"S1977a",8,25.0,0,0,0,"Saba",0
"Saba",2012,"S1977a",4,,0,0,0,"Saba",0
"Saba",2011,"S1977b",5,17.0,0,0,0,"Saba",0
"Saba",2012,"S1977b",3,,0,0,0,"Saba",0
"Saba",2011,"S1977c",5,31.0,0,0,0,"Saba",0
"Saba",2012,"S1977c",2,,0,0,0,"Saba",0
"Saba",2011,"S1978",5,16.0,0,0,0,"Saba",0
"Saba",2012,"S1978",4,,0,0,0,"Saba",0
"Saba",2011,"S1979",5,12.5,0,0,0,"Saba",0
"Saba",2012,"S1979",1,12.0,0,0,0,"Saba",0
"Saba",2011,"S1980",53,24.0,1,0,0,"Saba",0
"Saba",2012,"S1980",,,,,,"Saba",
"Saba",2011,"S1981",45,24.5,0,0,0,"Saba",0
"Saba",2012,"S1981",,,,,,"Saba",
"Saba",2011,"S1982",22,35.0,0,0,0,"Saba",0
"Saba",2012,"S1982",22,36.0,0,0,0,"Saba",0
"Saba",2011,"S1983",70,31.0,0,0,0,"Saba",0
"Saba",2011,"S1984",8,15.0,0,0,0,"Saba",0
"Saba",2012,"S1984",,,,,,"Saba",
"Saba",2011,"S1985",5,6.0,0,0,0,"Saba",0
"Saba",2012,"S1985",2,5.0,0,0,0,"Saba",0
"Saba",2011,"S1986",2,15.0,0,0,0,"Saba",0
"Saba",2012,"S1986",2,14.0,0,0,0,"Saba",0
"Saba",2011,"S1987",10,19.5,0,0,0,"Saba",0
"Saba",2012,"S1987",12,18.0,0,0,0,"Saba",0
"Saba",2011,"S1988",19,16.5,0,0,0,"Saba",0
"Saba",2012,"S1988",8,8.5,0,0,0,"Saba",0
"Saba",2011,"S1989",33,18.0,0,0,0,"Saba",0
"Saba",2012,"S1989",,,,,,"Saba",
"Saba",2011,"S1990",9,18.0,0,0,0,"Saba",0
"Saba",2013,"S1990",6,19.5,0,0,1,"Saba",0
"Saba",2014,"S1990",8,19.0,0,0,1,"Saba",0
"Saba",2011,"S1991",6,17.0,0,0,0,"Saba",0
"Saba",2011,"S1992",3,1.5,0,0,0,"Saba",0
"Saba",2014,"S1992",,,,,,"Saba",
"Saba",2011,"S1993",8,24.0,0,0,0,"Saba",0
"Saba",2011,"S1994",7,25.5,0,0,0,"Saba",0
"Saba",2011,"S1995",44,41.0,0,0,0,"Saba",0
"Saba",2011,"S1996",8,18.0,0,0,0,"Saba",0
"Saba",2011,"S1997",9,23.5,0,0,1,"Saba",0
"Saba",2011,"S1998",19,17.0,0,0,0,"Saba",0
"Saba",2011,"S1999",23,17.5,0,0,0,"Saba",0
"Saba",2012,"S2626",3,3.0,0,0,0,"Saba",0
"Saba",2012,"S2627",4,18.0,0,0,0,"Saba",0
"Saba",2012,"S2627",4,24.5,0,0,0,"Saba",0
"Saba",2012,"S2628",3,17.0,0,0,0,"Saba",0
"Saba",2012,"S2628",3,17.0,0,0,0,"Saba",0
"Saba",2013,"S2628",2,19.0,0,0,0,"Saba",0
"Saba",2014,"S2628",7,18.5,0,0,0,"Saba",0
"Saba",2012,"S2629",2,1.5,0,0,0,"Saba",0
"Saba",2012,"S2629",2,1.5,0,0,0,"Saba",0
"Saba",2013,"S2629",,,,,,"Saba",
"Saba",2012,"S2630",11,36.5,0,0,1,"Saba",0
"Saba",2012,"S2630",11,36.5,0,0,1,"Saba",0
"Saba",2012,"S2631",1,1.0,0,0,0,"Saba",0
"Saba",2012,"S2631",1,1.0,0,0,0,"Saba",0
"Saba",2012,"S2632",12,17.0,0,0,0,"Saba",0
"Saba",2012,"S2632",12,18.0,0,0,0,"Saba",0
"Saba",2012,"S2632",12,18.0,0,0,0,"Saba",0
"Saba",2012,"S2633",8,27.0,0,0,0,"Saba",0
"Saba",2012,"S2633",8,27.0,0,0,0,"Saba",0
"Saba",2012,"S2634",15,22.5,0,1,0,"Saba",1
"Saba",2012,"S2634",17,23.0,0,0,0,"Saba",0
"Saba",2012,"S2634",17,23.0,0,0,0,"Saba",0
"Saba",2012,"S2635",7,11.0,0,0,0,"Saba",0
"Saba",2012,"S2635",7,11.0,0,0,0,"Saba",0
"Saba",2012,"S2635",7,11.5,0,0,0,"Saba",0
"Saba",2012,"S2636",59,30.0,0,0,0,"Saba",0
"Saba",2012,"S2636",82,32.5,0,0,0,"Saba",0
"Saba",2012,"S2636",82,32.5,0,0,0,"Saba",0
"Saba",2012,"S2637",5,14.0,0,0,0,"Saba",0
"Saba",2012,"S2637",5,14.0,0,0,0,"Saba",0
"Saba",2012,"S2637",6,24.0,0,0,0,"Saba",0
"Saba",2012,"S2638",10,7.0,0,0,0,"Saba",0
"Saba",2012,"S2638",10,7.0,0,0,0,"Saba",0
"Saba",2012,"S2639",7,17.0,0,0,0,"Saba",0
"Saba",2012,"S2639",7,17.0,0,0,0,"Saba",0
"Saba",2012,"S2640",1,2.0,0,0,0,"Saba",0
"Saba",2012,"S2640",1,2.0,0,0,0,"Saba",0
"Saba",2012,"S2640",,,,,,"Saba",
"Saba",2014,"S2640",2,2.5,0,0,0,"Saba",0
"Saba",2012,"S2641",3,11.0,0,0,0,"Saba",0
"Saba",2012,"S2641",3,11.0,0,0,0,"Saba",0
"Saba",2012,"S2641",2,14.0,0,0,0,"Saba",0
"Saba",2012,"S2648",7,16.5,0,0,0,"Saba",0
"Saba",2012,"S2648",7,16.5,0,0,0,"Saba",0
"Saba",2012,"S2649",5,21.0,0,0,0,"Saba",0
"Saba",2012,"S2649",5,21.0,0,0,0,"Saba",0
"Saba",2012,"S2649",4,21.0,0,0,0,"Saba",0
"Saba",2012,"S2651",8,21.0,0,0,0,"Saba",0
"Saba",2013,"S2651",3,2.5,0,0,0,"Saba",0
"Saba",2014,"S2651",10,3.5,0,0,0,"Saba",0
"Saba",2012,"S2652",3,5.0,0,0,0,"Saba",0
"Saba",2012,"S2653",2,5.0,0,0,0,"Saba",0
"Saba",2012,"S2654",57,30.0,1,0,0,"Saba",0
"Saba",2012,"S2655",4,22.0,0,0,0,"Saba",0
"Saba",2012,"S2656",5,17.0,0,0,0,"Saba",0
"Saba",2012,"S2657",3,16.0,0,0,0,"Saba",0
"Saba",2012,"S2658",3,21.0,0,0,0,"Saba",0
"Saba",2012,"S2659",4,4.0,0,0,0,"Saba",0
"Saba",2012,"S2660",17,23.0,0,0,0,"Saba",0
"Saba",2012,"S2661",4,13.0,0,0,0,"Saba",0
"Saba",2012,"S2662",11,,0,0,0,"Saba",0
"Saba",2012,"S2663",2,17.0,0,0,0,"Saba",0
"Saba",2013,"S618",8,10.0,0,0,0,"Saba",0
"Saba",2013,"S762",10,28.0,0,0,0,"Saba",0
