Authors,Pub.Year,Journal,Vol:p-p,StudyID,Species,Year/Year Span,Year,Population,Trait Name,Fitness Measure Defined,N,Grad.linear.value,Grad.linear.StErr,Diff.linear.value,Diff.linear.StErr,Mean.trait.value,Trait.StDev,trait.StErr,trait.Var
Cintron-Berdecia and Tremblay,2006,Folia Geobotanica,41(1): 33-46,29,Lepanthes rupestris,1993-1996,1993,Population 1,length of column,female fitness (fruit set),35,0.2,,0.189,,,,,
Cintron-Berdecia and Tremblay,2006,Folia Geobotanica,41(1): 33-46,29,Lepanthes rupestris,1993-1996,1993,Population 1,width of sepal dorsal,female fitness (fruit set),29,0.058,,0.163,,,,,
Cintron-Berdecia and Tremblay,2006,Folia Geobotanica,41(1): 33-46,29,Lepanthes rupestris,1993-1996,1993,Population 1,length of posterior petal lobe,female fitness (fruit set),29,-0.066,,0.113,,,,,
Cintron-Berdecia and Tremblay,2006,Folia Geobotanica,41(1): 33-46,29,Lepanthes rupestris,1993-1996,1993,Population 1,width of posterior petal lobe,female fitness (fruit set),29,0.032,,0.086,,,,,
Cintron-Berdecia and Tremblay,2006,Folia Geobotanica,41(1): 33-46,29,Lepanthes rupestris,1993-1996,1993,Population 1,length of anterior petal lobe,female fitness (fruit set),29,0.043,,0.131,,,,,
Cintron-Berdecia and Tremblay,2006,Folia Geobotanica,41(1): 33-46,29,Lepanthes rupestris,1993-1996,1993,Population 1,width of anterior petal lobe,female fitness (fruit set),29,0.122,,0.218,,,,,
Cintron-Berdecia and Tremblay,2006,Folia Geobotanica,41(1): 33-46,29,Lepanthes rupestris,1993-1996,1993,Population 1,front lip length,female fitness (fruit set),29,0.061,,0.077,,,,,
Cintron-Berdecia and Tremblay,2006,Folia Geobotanica,41(1): 33-46,29,Lepanthes rupestris,1993-1996,1993,Population 1,frontlip width,female fitness (fruit set),29,0.182,,0.439,,,,,
Cintron-Berdecia and Tremblay,2006,Folia Geobotanica,41(1): 33-46,29,Lepanthes rupestris,1993-1996,1993,Population 1,mid lobe length,female fitness (fruit set),26,-0.2,,-0.033,,,,,
Cintron-Berdecia and Tremblay,2006,Folia Geobotanica,41(1): 33-46,29,Lepanthes rupestris,1993-1996,1993,Population 1,length of the opening of the area where the pollinaria is inserted,female fitness (fruit set),28,-0.204,,-0.068,,,,,
Cintron-Berdecia and Tremblay,2006,Folia Geobotanica,41(1): 33-46,29,Lepanthes rupestris,1993-1996,1993,Population 1,distance between sepals,female fitness (fruit set),27,0.058,,0.04,,,,,
Cintron-Berdecia and Tremblay,2006,Folia Geobotanica,41(1): 33-46,29,Lepanthes rupestris,1993-1996,1993,Population 1,flower size,female fitness (fruit set),33,0.17,,0.09,,,,,
Cintron-Berdecia and Tremblay,2006,Folia Geobotanica,41(1): 33-46,29,Lepanthes rupestris,1994-1996,1994,Population 2,length of column,female fitness (fruit set),31,0.133,,0.029,,,,,
Cintron-Berdecia and Tremblay,2006,Folia Geobotanica,41(1): 33-46,29,Lepanthes rupestris,1994-1996,1994,Population 2,width of sepal dorsal,female fitness (fruit set),32,-0.197,,0.035,,,,,
Cintron-Berdecia and Tremblay,2006,Folia Geobotanica,41(1): 33-46,29,Lepanthes rupestris,1994-1996,1994,Population 2,length of posterior petal lobe,female fitness (fruit set),32,-0.019,,-0.007,,,,,
Cintron-Berdecia and Tremblay,2006,Folia Geobotanica,41(1): 33-46,29,Lepanthes rupestris,1994-1996,1994,Population 2,width of posterior petal lobe,female fitness (fruit set),32,0.123,,0.044,,,,,
Cintron-Berdecia and Tremblay,2006,Folia Geobotanica,41(1): 33-46,29,Lepanthes rupestris,1994-1996,1994,Population 2,length of anterior petal lobe,female fitness (fruit set),32,0.007,,0.061,,,,,
Cintron-Berdecia and Tremblay,2006,Folia Geobotanica,41(1): 33-46,29,Lepanthes rupestris,1994-1996,1994,Population 2,width of anterior petal lobe,female fitness (fruit set),32,0.245,,0.102,,,,,
Cintron-Berdecia and Tremblay,2006,Folia Geobotanica,41(1): 33-46,29,Lepanthes rupestris,1994-1996,1994,Population 2,front lip length,female fitness (fruit set),32,-0.133,,0.029,,,,,
Cintron-Berdecia and Tremblay,2006,Folia Geobotanica,41(1): 33-46,29,Lepanthes rupestris,1994-1996,1994,Population 2,frontlip width,female fitness (fruit set),32,-0.025,,-0.007,,,,,
Cintron-Berdecia and Tremblay,2006,Folia Geobotanica,41(1): 33-46,29,Lepanthes rupestris,1994-1996,1994,Population 2,mid lobe length,female fitness (fruit set),32,0.19,,0.085,,,,,
Cintron-Berdecia and Tremblay,2006,Folia Geobotanica,41(1): 33-46,29,Lepanthes rupestris,1994-1996,1994,Population 2,length of the opening of the area where the pollinaria is inserted,female fitness (fruit set),32,0.008,,0.093,,,,,
Cintron-Berdecia and Tremblay,2006,Folia Geobotanica,41(1): 33-46,29,Lepanthes rupestris,1994-1996,1994,Population 2,distance between sepals,female fitness (fruit set),32,0.01,,0.001,,,,,
Cintron-Berdecia and Tremblay,2006,Folia Geobotanica,41(1): 33-46,29,Lepanthes rupestris,1994-1996,1994,Population 2,flower size,female fitness (fruit set),32,0.113,,0.044,,,,,
Cintron-Berdecia and Tremblay,2006,Folia Geobotanica,41(1): 33-46,29,Lepanthes rupestris,1994-1996,1994,Population 3,length of column,female fitness (fruit set),21,0.135,,0.112,,,,,
Cintron-Berdecia and Tremblay,2006,Folia Geobotanica,41(1): 33-46,29,Lepanthes rupestris,1994-1996,1994,Population 3,width of sepal dorsal,female fitness (fruit set),15,0.008,,0.031,,,,,
Cintron-Berdecia and Tremblay,2006,Folia Geobotanica,41(1): 33-46,29,Lepanthes rupestris,1994-1996,1994,Population 3,length of posterior petal lobe,female fitness (fruit set),15,-0.213,,0.056,,,,,
Cintron-Berdecia and Tremblay,2006,Folia Geobotanica,41(1): 33-46,29,Lepanthes rupestris,1994-1996,1994,Population 3,width of posterior petal lobe,female fitness (fruit set),15,-0.51,,0.036,,,,,
Cintron-Berdecia and Tremblay,2006,Folia Geobotanica,41(1): 33-46,29,Lepanthes rupestris,1994-1996,1994,Population 3,length of anterior petal lobe,female fitness (fruit set),15,0.217,,-0.033,,,,,
Cintron-Berdecia and Tremblay,2006,Folia Geobotanica,41(1): 33-46,29,Lepanthes rupestris,1994-1996,1994,Population 3,width of anterior petal lobe,female fitness (fruit set),15,0.633,,0.012,,,,,
Cintron-Berdecia and Tremblay,2006,Folia Geobotanica,41(1): 33-46,29,Lepanthes rupestris,1994-1996,1994,Population 3,front lip length,female fitness (fruit set),15,0.131,,0.089,,,,,
Cintron-Berdecia and Tremblay,2006,Folia Geobotanica,41(1): 33-46,29,Lepanthes rupestris,1994-1996,1994,Population 3,frontlip width,female fitness (fruit set),15,0.349,,0.047,,,,,
Cintron-Berdecia and Tremblay,2006,Folia Geobotanica,41(1): 33-46,29,Lepanthes rupestris,1994-1996,1994,Population 3,mid lobe length,female fitness (fruit set),15,0.929,,-0.351,,,,,
Cintron-Berdecia and Tremblay,2006,Folia Geobotanica,41(1): 33-46,29,Lepanthes rupestris,1994-1996,1994,Population 3,length of the opening of the area where the pollinaria is inserted,female fitness (fruit set),15,1.586,,0.441,,,,,
Cintron-Berdecia and Tremblay,2006,Folia Geobotanica,41(1): 33-46,29,Lepanthes rupestris,1994-1996,1994,Population 3,distance between sepals,female fitness (fruit set),15,-0.066,,-0.007,,,,,
Cintron-Berdecia and Tremblay,2006,Folia Geobotanica,41(1): 33-46,29,Lepanthes rupestris,1994-1996,1994,Population 3,flower size,female fitness (fruit set),21,-0.241,,0.009,,,,,
Cintron-Berdecia and Tremblay,2006,Folia Geobotanica,41(1): 33-46,29,Lepanthes rupestris,1994-1996,1994,Population 4,length of column,female fitness (fruit set),30,0.001,,0.082,,,,,
Cintron-Berdecia and Tremblay,2006,Folia Geobotanica,41(1): 33-46,29,Lepanthes rupestris,1994-1996,1994,Population 4,width of sepal dorsal,female fitness (fruit set),30,0.089,,-0.043,,,,,
Cintron-Berdecia and Tremblay,2006,Folia Geobotanica,41(1): 33-46,29,Lepanthes rupestris,1994-1996,1994,Population 4,length of posterior petal lobe,female fitness (fruit set),30,0.095,,0.047,,,,,
Cintron-Berdecia and Tremblay,2006,Folia Geobotanica,41(1): 33-46,29,Lepanthes rupestris,1994-1996,1994,Population 4,width of posterior petal lobe,female fitness (fruit set),30,-0.102,,0.032,,,,,
Cintron-Berdecia and Tremblay,2006,Folia Geobotanica,41(1): 33-46,29,Lepanthes rupestris,1994-1996,1994,Population 4,length of anterior petal lobe,female fitness (fruit set),30,0.059,,0.037,,,,,
Cintron-Berdecia and Tremblay,2006,Folia Geobotanica,41(1): 33-46,29,Lepanthes rupestris,1994-1996,1994,Population 4,width of anterior petal lobe,female fitness (fruit set),30,-0.082,,0.062,,,,,
Cintron-Berdecia and Tremblay,2006,Folia Geobotanica,41(1): 33-46,29,Lepanthes rupestris,1994-1996,1994,Population 4,front lip length,female fitness (fruit set),30,-0.04,,0.006,,,,,
Cintron-Berdecia and Tremblay,2006,Folia Geobotanica,41(1): 33-46,29,Lepanthes rupestris,1994-1996,1994,Population 4,frontlip width,female fitness (fruit set),30,-0.14,,-0.141,,,,,
Cintron-Berdecia and Tremblay,2006,Folia Geobotanica,41(1): 33-46,29,Lepanthes rupestris,1994-1996,1994,Population 4,mid lobe length,female fitness (fruit set),28,0.011,,-0.025,,,,,
Cintron-Berdecia and Tremblay,2006,Folia Geobotanica,41(1): 33-46,29,Lepanthes rupestris,1994-1996,1994,Population 4,length of the opening of the area where the pollinaria is inserted,female fitness (fruit set),30,0.167,,0.21,,,,,
Cintron-Berdecia and Tremblay,2006,Folia Geobotanica,41(1): 33-46,29,Lepanthes rupestris,1994-1996,1994,Population 4,distance between sepals,female fitness (fruit set),30,-0.008,,0.019,,,,,
Cintron-Berdecia and Tremblay,2006,Folia Geobotanica,41(1): 33-46,29,Lepanthes rupestris,1994-1996,1994,Population 4,flower size,female fitness (fruit set),32,-0.039,,0.008,,,,,
Cintron-Berdecia and Tremblay,2006,Folia Geobotanica,41(1): 33-46,29,Lepanthes rupestris,1994-1996,1994,Population 5,length of column,female fitness (fruit set),25,0.004,,0.018,,,,,
Cintron-Berdecia and Tremblay,2006,Folia Geobotanica,41(1): 33-46,29,Lepanthes rupestris,1994-1996,1994,Population 5,width of sepal dorsal,female fitness (fruit set),26,-0.11,,-0.037,,,,,
Cintron-Berdecia and Tremblay,2006,Folia Geobotanica,41(1): 33-46,29,Lepanthes rupestris,1994-1996,1994,Population 5,length of posterior petal lobe,female fitness (fruit set),26,0.047,,0.021,,,,,
Cintron-Berdecia and Tremblay,2006,Folia Geobotanica,41(1): 33-46,29,Lepanthes rupestris,1994-1996,1994,Population 5,width of posterior petal lobe,female fitness (fruit set),26,-0.063,,0.006,,,,,
Cintron-Berdecia and Tremblay,2006,Folia Geobotanica,41(1): 33-46,29,Lepanthes rupestris,1994-1996,1994,Population 5,length of anterior petal lobe,female fitness (fruit set),26,-0.039,,0.017,,,,,
Cintron-Berdecia and Tremblay,2006,Folia Geobotanica,41(1): 33-46,29,Lepanthes rupestris,1994-1996,1994,Population 5,width of anterior petal lobe,female fitness (fruit set),26,0.042,,-0.009,,,,,
Cintron-Berdecia and Tremblay,2006,Folia Geobotanica,41(1): 33-46,29,Lepanthes rupestris,1994-1996,1994,Population 5,front lip length,female fitness (fruit set),25,-0.008,,0.013,,,,,
Cintron-Berdecia and Tremblay,2006,Folia Geobotanica,41(1): 33-46,29,Lepanthes rupestris,1994-1996,1994,Population 5,frontlip width,female fitness (fruit set),25,0.166,,0.049,,,,,
Cintron-Berdecia and Tremblay,2006,Folia Geobotanica,41(1): 33-46,29,Lepanthes rupestris,1994-1996,1994,Population 5,mid lobe length,female fitness (fruit set),25,-0.081,,-0.064,,,,,
Cintron-Berdecia and Tremblay,2006,Folia Geobotanica,41(1): 33-46,29,Lepanthes rupestris,1994-1996,1994,Population 5,length of the opening of the area where the pollinaria is inserted,female fitness (fruit set),25,0.217,,0.003,,,,,
Cintron-Berdecia and Tremblay,2006,Folia Geobotanica,41(1): 33-46,29,Lepanthes rupestris,1994-1996,1994,Population 5,distance between sepals,female fitness (fruit set),25,-0.008,,0.008,,,,,
Cintron-Berdecia and Tremblay,2006,Folia Geobotanica,41(1): 33-46,29,Lepanthes rupestris,1994-1996,1994,Population 5,flower size,female fitness (fruit set),28,-0.018,,0.016,,,,,
Cintron-Berdecia and Tremblay,2006,Folia Geobotanica,41(1): 33-46,29,Lepanthes rupestris,1994-1996,1994,Population 6,length of column,female fitness (fruit set),35,0.055,,0.106,,,,,
Cintron-Berdecia and Tremblay,2006,Folia Geobotanica,41(1): 33-46,29,Lepanthes rupestris,1994-1996,1994,Population 6,width of sepal dorsal,female fitness (fruit set),34,-0.057,,-0.059,,,,,
Cintron-Berdecia and Tremblay,2006,Folia Geobotanica,41(1): 33-46,29,Lepanthes rupestris,1994-1996,1994,Population 6,length of posterior petal lobe,female fitness (fruit set),33,-0.083,,-0.072,,,,,
Cintron-Berdecia and Tremblay,2006,Folia Geobotanica,41(1): 33-46,29,Lepanthes rupestris,1994-1996,1994,Population 6,width of posterior petal lobe,female fitness (fruit set),34,-0.029,,-0.044,,,,,
Cintron-Berdecia and Tremblay,2006,Folia Geobotanica,41(1): 33-46,29,Lepanthes rupestris,1994-1996,1994,Population 6,length of anterior petal lobe,female fitness (fruit set),34,-0.058,,-0.093,,,,,
Cintron-Berdecia and Tremblay,2006,Folia Geobotanica,41(1): 33-46,29,Lepanthes rupestris,1994-1996,1994,Population 6,width of anterior petal lobe,female fitness (fruit set),34,0.045,,0.068,,,,,
Cintron-Berdecia and Tremblay,2006,Folia Geobotanica,41(1): 33-46,29,Lepanthes rupestris,1994-1996,1994,Population 6,front lip length,female fitness (fruit set),34,-0.089,,0.115,,,,,
Cintron-Berdecia and Tremblay,2006,Folia Geobotanica,41(1): 33-46,29,Lepanthes rupestris,1994-1996,1994,Population 6,frontlip width,female fitness (fruit set),34,0.152,,0.142,,,,,
Cintron-Berdecia and Tremblay,2006,Folia Geobotanica,41(1): 33-46,29,Lepanthes rupestris,1994-1996,1994,Population 6,mid lobe length,female fitness (fruit set),32,0.139,,0.06,,,,,
Cintron-Berdecia and Tremblay,2006,Folia Geobotanica,41(1): 33-46,29,Lepanthes rupestris,1994-1996,1994,Population 6,length of the opening of the area where the pollinaria is inserted,female fitness (fruit set),33,0.18,,-0.155,,,,,
Cintron-Berdecia and Tremblay,2006,Folia Geobotanica,41(1): 33-46,29,Lepanthes rupestris,1994-1996,1994,Population 6,distance between sepals,female fitness (fruit set),34,0.011,,0.005,,,,,
Cintron-Berdecia and Tremblay,2006,Folia Geobotanica,41(1): 33-46,29,Lepanthes rupestris,1994-1996,1994,Population 6,flower size,female fitness (fruit set),35,0.009,,0.004,,,,,
Cintron-Berdecia and Tremblay,2006,Folia Geobotanica,41(1): 33-46,29,Lepanthes rupestris,1994-1996,1994,Population 7,length of column,female fitness (fruit set),23,-0.182,,-0.043,,,,,
Cintron-Berdecia and Tremblay,2006,Folia Geobotanica,41(1): 33-46,29,Lepanthes rupestris,1994-1996,1994,Population 7,width of sepal dorsal,female fitness (fruit set),22,-0.085,,-0.027,,,,,
Cintron-Berdecia and Tremblay,2006,Folia Geobotanica,41(1): 33-46,29,Lepanthes rupestris,1994-1996,1994,Population 7,length of posterior petal lobe,female fitness (fruit set),22,0.032,,-0.047,,,,,
Cintron-Berdecia and Tremblay,2006,Folia Geobotanica,41(1): 33-46,29,Lepanthes rupestris,1994-1996,1994,Population 7,width of posterior petal lobe,female fitness (fruit set),22,0.325,,0.078,,,,,
Cintron-Berdecia and Tremblay,2006,Folia Geobotanica,41(1): 33-46,29,Lepanthes rupestris,1994-1996,1994,Population 7,length of anterior petal lobe,female fitness (fruit set),22,-0.238,,-0.051,,,,,
Cintron-Berdecia and Tremblay,2006,Folia Geobotanica,41(1): 33-46,29,Lepanthes rupestris,1994-1996,1994,Population 7,width of anterior petal lobe,female fitness (fruit set),22,-0.344,,-0.072,,,,,
Cintron-Berdecia and Tremblay,2006,Folia Geobotanica,41(1): 33-46,29,Lepanthes rupestris,1994-1996,1994,Population 7,front lip length,female fitness (fruit set),21,0.089,,0.071,,,,,
Cintron-Berdecia and Tremblay,2006,Folia Geobotanica,41(1): 33-46,29,Lepanthes rupestris,1994-1996,1994,Population 7,frontlip width,female fitness (fruit set),21,0.033,,0.05,,,,,
Cintron-Berdecia and Tremblay,2006,Folia Geobotanica,41(1): 33-46,29,Lepanthes rupestris,1994-1996,1994,Population 7,mid lobe length,female fitness (fruit set),21,0.337,,0.098,,,,,
Cintron-Berdecia and Tremblay,2006,Folia Geobotanica,41(1): 33-46,29,Lepanthes rupestris,1994-1996,1994,Population 7,length of the opening of the area where the pollinaria is inserted,female fitness (fruit set),21,1.104,,-0.002,,,,,
Cintron-Berdecia and Tremblay,2006,Folia Geobotanica,41(1): 33-46,29,Lepanthes rupestris,1994-1996,1994,Population 7,distance between sepals,female fitness (fruit set),22,-0.016,,0.052,,,,,
Cintron-Berdecia and Tremblay,2006,Folia Geobotanica,41(1): 33-46,29,Lepanthes rupestris,1994-1996,1994,Population 7,flower size,female fitness (fruit set),25,0.015,,-0.011,,,,,
Cintron-Berdecia and Tremblay,2006,Folia Geobotanica,41(1): 33-46,29,Lepanthes rupestris,1993-1996,1993,Population 1,length of column,male fitness (pollinaria removal),34,0.04,,0.156,,,,,
Cintron-Berdecia and Tremblay,2006,Folia Geobotanica,41(1): 33-46,29,Lepanthes rupestris,1993-1996,1993,Population 1,width of sepal dorsal,male fitness (pollinaria removal),28,0.035,,0.078,,,,,
Cintron-Berdecia and Tremblay,2006,Folia Geobotanica,41(1): 33-46,29,Lepanthes rupestris,1993-1996,1993,Population 1,length of posterior petal lobe,male fitness (pollinaria removal),28,0.204,,0.097,,,,,
Cintron-Berdecia and Tremblay,2006,Folia Geobotanica,41(1): 33-46,29,Lepanthes rupestris,1993-1996,1993,Population 1,width of posterior petal lobe,male fitness (pollinaria removal),28,0.174,,0.092,,,,,
Cintron-Berdecia and Tremblay,2006,Folia Geobotanica,41(1): 33-46,29,Lepanthes rupestris,1993-1996,1993,Population 1,length of anterior petal lobe,male fitness (pollinaria removal),28,-0.225,,0.025,,,,,
Cintron-Berdecia and Tremblay,2006,Folia Geobotanica,41(1): 33-46,29,Lepanthes rupestris,1993-1996,1993,Population 1,width of anterior petal lobe,male fitness (pollinaria removal),28,-0.228,,0.056,,,,,
Cintron-Berdecia and Tremblay,2006,Folia Geobotanica,41(1): 33-46,29,Lepanthes rupestris,1993-1996,1993,Population 1,front lip length,male fitness (pollinaria removal),28,-0.004,,0.075,,,,,
Cintron-Berdecia and Tremblay,2006,Folia Geobotanica,41(1): 33-46,29,Lepanthes rupestris,1993-1996,1993,Population 1,frontlip width,male fitness (pollinaria removal),28,0.066,,0.204,,,,,
Cintron-Berdecia and Tremblay,2006,Folia Geobotanica,41(1): 33-46,29,Lepanthes rupestris,1993-1996,1993,Population 1,mid lobe length,male fitness (pollinaria removal),25,-0.243,,0.014,,,,,
Cintron-Berdecia and Tremblay,2006,Folia Geobotanica,41(1): 33-46,29,Lepanthes rupestris,1993-1996,1993,Population 1,length of the opening of the area where the pollinaria is inserted,male fitness (pollinaria removal),27,0.297,,0.065,,,,,
Cintron-Berdecia and Tremblay,2006,Folia Geobotanica,41(1): 33-46,29,Lepanthes rupestris,1993-1996,1993,Population 1,distance between sepals,male fitness (pollinaria removal),26,0.052,,0.043,,,,,
Cintron-Berdecia and Tremblay,2006,Folia Geobotanica,41(1): 33-46,29,Lepanthes rupestris,1993-1996,1993,Population 1,flower size,male fitness (pollinaria removal),32,-0.034,,0.016,,,,,
Cintron-Berdecia and Tremblay,2006,Folia Geobotanica,41(1): 33-46,29,Lepanthes rupestris,1994-1996,1994,Population 2,length of column,male fitness (pollinaria removal),32,0.118,,-0.002,,,,,
Cintron-Berdecia and Tremblay,2006,Folia Geobotanica,41(1): 33-46,29,Lepanthes rupestris,1994-1996,1994,Population 2,width of sepal dorsal,male fitness (pollinaria removal),33,-0.114,,0.112,,,,,
Cintron-Berdecia and Tremblay,2006,Folia Geobotanica,41(1): 33-46,29,Lepanthes rupestris,1994-1996,1994,Population 2,length of posterior petal lobe,male fitness (pollinaria removal),32,-0.062,,0.011,,,,,
Cintron-Berdecia and Tremblay,2006,Folia Geobotanica,41(1): 33-46,29,Lepanthes rupestris,1994-1996,1994,Population 2,width of posterior petal lobe,male fitness (pollinaria removal),32,0.194,,0.068,,,,,
Cintron-Berdecia and Tremblay,2006,Folia Geobotanica,41(1): 33-46,29,Lepanthes rupestris,1994-1996,1994,Population 2,length of anterior petal lobe,male fitness (pollinaria removal),33,-0.053,,0.121,,,,,
Cintron-Berdecia and Tremblay,2006,Folia Geobotanica,41(1): 33-46,29,Lepanthes rupestris,1994-1996,1994,Population 2,width of anterior petal lobe,male fitness (pollinaria removal),33,0.254,,0.182,,,,,
Cintron-Berdecia and Tremblay,2006,Folia Geobotanica,41(1): 33-46,29,Lepanthes rupestris,1994-1996,1994,Population 2,front lip length,male fitness (pollinaria removal),32,-0.094,,0.04,,,,,
Cintron-Berdecia and Tremblay,2006,Folia Geobotanica,41(1): 33-46,29,Lepanthes rupestris,1994-1996,1994,Population 2,frontlip width,male fitness (pollinaria removal),32,0.073,,-0.187,,,,,
Cintron-Berdecia and Tremblay,2006,Folia Geobotanica,41(1): 33-46,29,Lepanthes rupestris,1994-1996,1994,Population 2,mid lobe length,male fitness (pollinaria removal),29,0.106,,0.076,,,,,
Cintron-Berdecia and Tremblay,2006,Folia Geobotanica,41(1): 33-46,29,Lepanthes rupestris,1994-1996,1994,Population 2,length of the opening of the area where the pollinaria is inserted,male fitness (pollinaria removal),32,-0.351,,0.058,,,,,
Cintron-Berdecia and Tremblay,2006,Folia Geobotanica,41(1): 33-46,29,Lepanthes rupestris,1994-1996,1994,Population 2,distance between sepals,male fitness (pollinaria removal),31,0.018,,0.004,,,,,
Cintron-Berdecia and Tremblay,2006,Folia Geobotanica,41(1): 33-46,29,Lepanthes rupestris,1994-1996,1994,Population 2,flower size,male fitness (pollinaria removal),34,0.242,,0.115,,,,,
Cintron-Berdecia and Tremblay,2006,Folia Geobotanica,41(1): 33-46,29,Lepanthes rupestris,1994-1996,1994,Population 3,length of column,male fitness (pollinaria removal),21,0.132,,0.08,,,,,
Cintron-Berdecia and Tremblay,2006,Folia Geobotanica,41(1): 33-46,29,Lepanthes rupestris,1994-1996,1994,Population 3,width of sepal dorsal,male fitness (pollinaria removal),15,0.334,,0.073,,,,,
Cintron-Berdecia and Tremblay,2006,Folia Geobotanica,41(1): 33-46,29,Lepanthes rupestris,1994-1996,1994,Population 3,length of posterior petal lobe,male fitness (pollinaria removal),15,-0.186,,0.053,,,,,
Cintron-Berdecia and Tremblay,2006,Folia Geobotanica,41(1): 33-46,29,Lepanthes rupestris,1994-1996,1994,Population 3,width of posterior petal lobe,male fitness (pollinaria removal),15,-0.571,,0.04,,,,,
Cintron-Berdecia and Tremblay,2006,Folia Geobotanica,41(1): 33-46,29,Lepanthes rupestris,1994-1996,1994,Population 3,length of anterior petal lobe,male fitness (pollinaria removal),15,0.301,,-0.068,,,,,
Cintron-Berdecia and Tremblay,2006,Folia Geobotanica,41(1): 33-46,29,Lepanthes rupestris,1994-1996,1994,Population 3,width of anterior petal lobe,male fitness (pollinaria removal),15,0.411,,0.099,,,,,
Cintron-Berdecia and Tremblay,2006,Folia Geobotanica,41(1): 33-46,29,Lepanthes rupestris,1994-1996,1994,Population 3,front lip length,male fitness (pollinaria removal),15,0.167,,0.042,,,,,
Cintron-Berdecia and Tremblay,2006,Folia Geobotanica,41(1): 33-46,29,Lepanthes rupestris,1994-1996,1994,Population 3,frontlip width,male fitness (pollinaria removal),15,0.93,,0.04,,,,,
Cintron-Berdecia and Tremblay,2006,Folia Geobotanica,41(1): 33-46,29,Lepanthes rupestris,1994-1996,1994,Population 3,mid lobe length,male fitness (pollinaria removal),15,0.129,,-0.058,,,,,
Cintron-Berdecia and Tremblay,2006,Folia Geobotanica,41(1): 33-46,29,Lepanthes rupestris,1994-1996,1994,Population 3,length of the opening of the area where the pollinaria is inserted,male fitness (pollinaria removal),15,1.234,,0.198,,,,,
Cintron-Berdecia and Tremblay,2006,Folia Geobotanica,41(1): 33-46,29,Lepanthes rupestris,1994-1996,1994,Population 3,distance between sepals,male fitness (pollinaria removal),15,0.028,,-0.002,,,,,
Cintron-Berdecia and Tremblay,2006,Folia Geobotanica,41(1): 33-46,29,Lepanthes rupestris,1994-1996,1994,Population 3,flower size,male fitness (pollinaria removal),21,-0.201,,0.029,,,,,
Cintron-Berdecia and Tremblay,2006,Folia Geobotanica,41(1): 33-46,29,Lepanthes rupestris,1994-1996,1994,Population 4,length of column,male fitness (pollinaria removal),30,0.135,,0.01,,,,,
Cintron-Berdecia and Tremblay,2006,Folia Geobotanica,41(1): 33-46,29,Lepanthes rupestris,1994-1996,1994,Population 4,width of sepal dorsal,male fitness (pollinaria removal),30,-0.005,,0.044,,,,,
Cintron-Berdecia and Tremblay,2006,Folia Geobotanica,41(1): 33-46,29,Lepanthes rupestris,1994-1996,1994,Population 4,length of posterior petal lobe,male fitness (pollinaria removal),30,0.089,,0.106,,,,,
Cintron-Berdecia and Tremblay,2006,Folia Geobotanica,41(1): 33-46,29,Lepanthes rupestris,1994-1996,1994,Population 4,width of posterior petal lobe,male fitness (pollinaria removal),30,-0.019,,0.038,,,,,
Cintron-Berdecia and Tremblay,2006,Folia Geobotanica,41(1): 33-46,29,Lepanthes rupestris,1994-1996,1994,Population 4,length of anterior petal lobe,male fitness (pollinaria removal),30,0.196,,0.103,,,,,
Cintron-Berdecia and Tremblay,2006,Folia Geobotanica,41(1): 33-46,29,Lepanthes rupestris,1994-1996,1994,Population 4,width of anterior petal lobe,male fitness (pollinaria removal),30,0.096,,0.126,,,,,
Cintron-Berdecia and Tremblay,2006,Folia Geobotanica,41(1): 33-46,29,Lepanthes rupestris,1994-1996,1994,Population 4,front lip length,male fitness (pollinaria removal),30,-0.021,,0.055,,,,,
Cintron-Berdecia and Tremblay,2006,Folia Geobotanica,41(1): 33-46,29,Lepanthes rupestris,1994-1996,1994,Population 4,frontlip width,male fitness (pollinaria removal),30,-0.388,,-0.162,,,,,
Cintron-Berdecia and Tremblay,2006,Folia Geobotanica,41(1): 33-46,29,Lepanthes rupestris,1994-1996,1994,Population 4,mid lobe length,male fitness (pollinaria removal),28,0.087,,0.031,,,,,
Cintron-Berdecia and Tremblay,2006,Folia Geobotanica,41(1): 33-46,29,Lepanthes rupestris,1994-1996,1994,Population 4,length of the opening of the area where the pollinaria is inserted,male fitness (pollinaria removal),30,0.633,,0.332,,,,,
Cintron-Berdecia and Tremblay,2006,Folia Geobotanica,41(1): 33-46,29,Lepanthes rupestris,1994-1996,1994,Population 4,distance between sepals,male fitness (pollinaria removal),30,-0.007,,0.025,,,,,
Cintron-Berdecia and Tremblay,2006,Folia Geobotanica,41(1): 33-46,29,Lepanthes rupestris,1994-1996,1994,Population 4,flower size,male fitness (pollinaria removal),32,-0.055,,0.013,,,,,
Cintron-Berdecia and Tremblay,2006,Folia Geobotanica,41(1): 33-46,29,Lepanthes rupestris,1994-1996,1994,Population 5,length of column,male fitness (pollinaria removal),25,0.017,,-0.002,,,,,
Cintron-Berdecia and Tremblay,2006,Folia Geobotanica,41(1): 33-46,29,Lepanthes rupestris,1994-1996,1994,Population 5,width of sepal dorsal,male fitness (pollinaria removal),26,0.002,,0.029,,,,,
Cintron-Berdecia and Tremblay,2006,Folia Geobotanica,41(1): 33-46,29,Lepanthes rupestris,1994-1996,1994,Population 5,length of posterior petal lobe,male fitness (pollinaria removal),26,0.069,,0.008,,,,,
Cintron-Berdecia and Tremblay,2006,Folia Geobotanica,41(1): 33-46,29,Lepanthes rupestris,1994-1996,1994,Population 5,width of posterior petal lobe,male fitness (pollinaria removal),26,0.082,,-0.016,,,,,
Cintron-Berdecia and Tremblay,2006,Folia Geobotanica,41(1): 33-46,29,Lepanthes rupestris,1994-1996,1994,Population 5,length of anterior petal lobe,male fitness (pollinaria removal),26,-0.052,,-0.058,,,,,
Cintron-Berdecia and Tremblay,2006,Folia Geobotanica,41(1): 33-46,29,Lepanthes rupestris,1994-1996,1994,Population 5,width of anterior petal lobe,male fitness (pollinaria removal),26,0.004,,0.037,,,,,
Cintron-Berdecia and Tremblay,2006,Folia Geobotanica,41(1): 33-46,29,Lepanthes rupestris,1994-1996,1994,Population 5,front lip length,male fitness (pollinaria removal),25,0.086,,-0.043,,,,,
Cintron-Berdecia and Tremblay,2006,Folia Geobotanica,41(1): 33-46,29,Lepanthes rupestris,1994-1996,1994,Population 5,frontlip width,male fitness (pollinaria removal),25,0.094,,-0.063,,,,,
Cintron-Berdecia and Tremblay,2006,Folia Geobotanica,41(1): 33-46,29,Lepanthes rupestris,1994-1996,1994,Population 5,mid lobe length,male fitness (pollinaria removal),25,0.104,,0.139,,,,,
Cintron-Berdecia and Tremblay,2006,Folia Geobotanica,41(1): 33-46,29,Lepanthes rupestris,1994-1996,1994,Population 5,length of the opening of the area where the pollinaria is inserted,male fitness (pollinaria removal),25,0.128,,0.021,,,,,
Cintron-Berdecia and Tremblay,2006,Folia Geobotanica,41(1): 33-46,29,Lepanthes rupestris,1994-1996,1994,Population 5,distance between sepals,male fitness (pollinaria removal),25,0.006,,-0.001,,,,,
Cintron-Berdecia and Tremblay,2006,Folia Geobotanica,41(1): 33-46,29,Lepanthes rupestris,1994-1996,1994,Population 5,flower size,male fitness (pollinaria removal),28,0.025,,-0.001,,,,,
Cintron-Berdecia and Tremblay,2006,Folia Geobotanica,41(1): 33-46,29,Lepanthes rupestris,1994-1996,1994,Population 6,length of column,male fitness (pollinaria removal),35,0.04,,0.045,,,,,
Cintron-Berdecia and Tremblay,2006,Folia Geobotanica,41(1): 33-46,29,Lepanthes rupestris,1994-1996,1994,Population 6,width of sepal dorsal,male fitness (pollinaria removal),34,-0.06,,0.022,,,,,
Cintron-Berdecia and Tremblay,2006,Folia Geobotanica,41(1): 33-46,29,Lepanthes rupestris,1994-1996,1994,Population 6,length of posterior petal lobe,male fitness (pollinaria removal),33,-0.049,,-0.027,,,,,
Cintron-Berdecia and Tremblay,2006,Folia Geobotanica,41(1): 33-46,29,Lepanthes rupestris,1994-1996,1994,Population 6,width of posterior petal lobe,male fitness (pollinaria removal),34,-0.018,,-0.021,,,,,
Cintron-Berdecia and Tremblay,2006,Folia Geobotanica,41(1): 33-46,29,Lepanthes rupestris,1994-1996,1994,Population 6,length of anterior petal lobe,male fitness (pollinaria removal),34,-0.087,,-0.059,,,,,
Cintron-Berdecia and Tremblay,2006,Folia Geobotanica,41(1): 33-46,29,Lepanthes rupestris,1994-1996,1994,Population 6,width of anterior petal lobe,male fitness (pollinaria removal),34,0.021,,0.003,,,,,
Cintron-Berdecia and Tremblay,2006,Folia Geobotanica,41(1): 33-46,29,Lepanthes rupestris,1994-1996,1994,Population 6,front lip length,male fitness (pollinaria removal),34,0.001,,0.052,,,,,
Cintron-Berdecia and Tremblay,2006,Folia Geobotanica,41(1): 33-46,29,Lepanthes rupestris,1994-1996,1994,Population 6,frontlip width,male fitness (pollinaria removal),34,0.024,,0.083,,,,,
Cintron-Berdecia and Tremblay,2006,Folia Geobotanica,41(1): 33-46,29,Lepanthes rupestris,1994-1996,1994,Population 6,mid lobe length,male fitness (pollinaria removal),32,0.004,,-0.013,,,,,
Cintron-Berdecia and Tremblay,2006,Folia Geobotanica,41(1): 33-46,29,Lepanthes rupestris,1994-1996,1994,Population 6,length of the opening of the area where the pollinaria is inserted,male fitness (pollinaria removal),33,-0.093,,-0.017,,,,,
Cintron-Berdecia and Tremblay,2006,Folia Geobotanica,41(1): 33-46,29,Lepanthes rupestris,1994-1996,1994,Population 6,distance between sepals,male fitness (pollinaria removal),34,-0.008,,0.024,,,,,
Cintron-Berdecia and Tremblay,2006,Folia Geobotanica,41(1): 33-46,29,Lepanthes rupestris,1994-1996,1994,Population 6,flower size,male fitness (pollinaria removal),35,0.095,,0.042,,,,,
Cintron-Berdecia and Tremblay,2006,Folia Geobotanica,41(1): 33-46,29,Lepanthes rupestris,1994-1996,1994,Population 7,length of column,male fitness (pollinaria removal),23,-0.093,,0.034,,,,,
Cintron-Berdecia and Tremblay,2006,Folia Geobotanica,41(1): 33-46,29,Lepanthes rupestris,1994-1996,1994,Population 7,width of sepal dorsal,male fitness (pollinaria removal),22,-0.094,,-0.039,,,,,
Cintron-Berdecia and Tremblay,2006,Folia Geobotanica,41(1): 33-46,29,Lepanthes rupestris,1994-1996,1994,Population 7,length of posterior petal lobe,male fitness (pollinaria removal),22,-0.019,,0.01,,,,,
Cintron-Berdecia and Tremblay,2006,Folia Geobotanica,41(1): 33-46,29,Lepanthes rupestris,1994-1996,1994,Population 7,width of posterior petal lobe,male fitness (pollinaria removal),22,0.195,,0.017,,,,,
Cintron-Berdecia and Tremblay,2006,Folia Geobotanica,41(1): 33-46,29,Lepanthes rupestris,1994-1996,1994,Population 7,length of anterior petal lobe,male fitness (pollinaria removal),22,-0.203,,-0.052,,,,,
Cintron-Berdecia and Tremblay,2006,Folia Geobotanica,41(1): 33-46,29,Lepanthes rupestris,1994-1996,1994,Population 7,width of anterior petal lobe,male fitness (pollinaria removal),22,0.391,,-0.055,,,,,
Cintron-Berdecia and Tremblay,2006,Folia Geobotanica,41(1): 33-46,29,Lepanthes rupestris,1994-1996,1994,Population 7,front lip length,male fitness (pollinaria removal),21,0.057,,0.035,,,,,
Cintron-Berdecia and Tremblay,2006,Folia Geobotanica,41(1): 33-46,29,Lepanthes rupestris,1994-1996,1994,Population 7,frontlip width,male fitness (pollinaria removal),21,0.036,,-0.041,,,,,
Cintron-Berdecia and Tremblay,2006,Folia Geobotanica,41(1): 33-46,29,Lepanthes rupestris,1994-1996,1994,Population 7,mid lobe length,male fitness (pollinaria removal),21,0.139,,-0.112,,,,,
Cintron-Berdecia and Tremblay,2006,Folia Geobotanica,41(1): 33-46,29,Lepanthes rupestris,1994-1996,1994,Population 7,length of the opening of the area where the pollinaria is inserted,male fitness (pollinaria removal),21,1.067,,-0.236,,,,,
Cintron-Berdecia and Tremblay,2006,Folia Geobotanica,41(1): 33-46,29,Lepanthes rupestris,1994-1996,1994,Population 7,distance between sepals,male fitness (pollinaria removal),22,0.002,,0.042,,,,,
Cintron-Berdecia and Tremblay,2006,Folia Geobotanica,41(1): 33-46,29,Lepanthes rupestris,1994-1996,1994,Population 7,flower size,male fitness (pollinaria removal),25,0.047,,-0.011,,,,,